name@version *,license *,copyrights *,end-of-support,dependencies,language,repository,email,URL,others
"@angular-builders/custom-webpack@8.4.1","MIT",-,-,-,Javascript,-,-,-,
"@angular-devkit/architect@0.800.6","MIT",-,-,-,Javascript,-,-,-,
"@angular-devkit/architect@0.803.26","MIT",-,-,-,Javascript,-,-,-,
"@angular-devkit/architect@0.901.7","MIT",-,-,-,Javascript,-,-,-,
"@angular-devkit/build-angular@0.803.26","MIT",-,-,-,Javascript,-,-,-,
"@angular-devkit/build-optimizer@0.803.26","MIT",-,-,-,Javascript,-,-,-,
"@angular-devkit/build-webpack@0.803.26","MIT",-,-,-,Javascript,-,-,-,
"@angular-devkit/core@8.0.6","MIT",-,-,-,Javascript,-,-,-,
"@angular-devkit/core@8.3.26","MIT",-,-,-,Javascript,-,-,-,
"@angular-devkit/core@9.1.7","MIT",-,-,-,Javascript,-,-,-,
"@angular-devkit/schematics@8.0.6","MIT",-,-,-,Javascript,-,-,-,
"@angular-devkit/schematics@9.1.7","MIT",-,-,-,Javascript,-,-,-,
"@angular/animations@8.0.3","MIT",-,-,-,Javascript,-,-,-,
"@angular/cli@8.0.6","MIT",-,-,-,Javascript,-,-,-,
"@angular/cli@9.1.7","MIT",-,-,-,Javascript,-,-,-,
"@angular/common@8.0.3","MIT",-,-,-,Javascript,-,-,-,
"@angular/compiler-cli@8.0.3","MIT",-,-,-,Javascript,-,-,-,
"@angular/compiler@8.0.3","MIT",-,-,-,Javascript,-,-,-,
"@angular/core@8.0.3","MIT",-,-,-,Javascript,-,-,-,
"@angular/forms@8.0.3","MIT",-,-,-,Javascript,-,-,-,
"@angular/http@7.2.16","MIT",-,-,-,Javascript,-,-,-,
"@angular/language-service@8.0.3","MIT",-,-,-,Javascript,-,-,-,
"@angular/platform-browser-dynamic@8.0.3","MIT",-,-,-,Javascript,-,-,-,
"@angular/platform-browser@8.0.3","MIT",-,-,-,Javascript,-,-,-,
"@angular/router@8.0.3","MIT",-,-,-,Javascript,-,-,-,
"@babel/code-frame@7.8.3","MIT",-,-,-,Javascript,-,-,-,
"@babel/compat-data@7.9.0","MIT",-,-,-,Javascript,-,-,-,
"@babel/core@7.8.3","MIT",-,-,-,Javascript,-,-,-,
"@babel/core@7.8.7","MIT",-,-,-,Javascript,-,-,-,
"@babel/generator@7.8.8","MIT",-,-,-,Javascript,-,-,-,
"@babel/generator@7.9.3","MIT",-,-,-,Javascript,-,-,-,
"@babel/helper-annotate-as-pure@7.8.3","MIT",-,-,-,Javascript,-,-,-,
"@babel/helper-builder-binary-assignment-operator-visitor@7.8.3","MIT",-,-,-,Javascript,-,-,-,
"@babel/helper-compilation-targets@7.8.7","MIT",-,-,-,Javascript,-,-,-,
"@babel/helper-create-regexp-features-plugin@7.8.8","MIT",-,-,-,Javascript,-,-,-,
"@babel/helper-define-map@7.8.3","MIT",-,-,-,Javascript,-,-,-,
"@babel/helper-explode-assignable-expression@7.8.3","MIT",-,-,-,Javascript,-,-,-,
"@babel/helper-function-name@7.8.3","MIT",-,-,-,Javascript,-,-,-,
"@babel/helper-get-function-arity@7.8.3","MIT",-,-,-,Javascript,-,-,-,
"@babel/helper-hoist-variables@7.8.3","MIT",-,-,-,Javascript,-,-,-,
"@babel/helper-member-expression-to-functions@7.8.3","MIT",-,-,-,Javascript,-,-,-,
"@babel/helper-module-imports@7.8.3","MIT",-,-,-,Javascript,-,-,-,
"@babel/helper-module-transforms@7.9.0","MIT",-,-,-,Javascript,-,-,-,
"@babel/helper-optimise-call-expression@7.8.3","MIT",-,-,-,Javascript,-,-,-,
"@babel/helper-plugin-utils@7.8.3","MIT",-,-,-,Javascript,-,-,-,
"@babel/helper-regex@7.8.3","MIT",-,-,-,Javascript,-,-,-,
"@babel/helper-remap-async-to-generator@7.8.3","MIT",-,-,-,Javascript,-,-,-,
"@babel/helper-replace-supers@7.8.6","MIT",-,-,-,Javascript,-,-,-,
"@babel/helper-simple-access@7.8.3","MIT",-,-,-,Javascript,-,-,-,
"@babel/helper-split-export-declaration@7.8.3","MIT",-,-,-,Javascript,-,-,-,
"@babel/helper-validator-identifier@7.9.0","MIT",-,-,-,Javascript,-,-,-,
"@babel/helper-wrap-function@7.8.3","MIT",-,-,-,Javascript,-,-,-,
"@babel/helpers@7.9.2","MIT",-,-,-,Javascript,-,-,-,
"@babel/highlight@7.8.3","MIT",-,-,-,Javascript,-,-,-,
"@babel/parser@7.8.8","MIT",-,-,-,Javascript,-,-,-,
"@babel/parser@7.9.3","MIT",-,-,-,Javascript,-,-,-,
"@babel/plugin-proposal-async-generator-functions@7.8.3","MIT",-,-,-,Javascript,-,-,-,
"@babel/plugin-proposal-dynamic-import@7.8.3","MIT",-,-,-,Javascript,-,-,-,
"@babel/plugin-proposal-json-strings@7.8.3","MIT",-,-,-,Javascript,-,-,-,
"@babel/plugin-proposal-nullish-coalescing-operator@7.8.3","MIT",-,-,-,Javascript,-,-,-,
"@babel/plugin-proposal-object-rest-spread@7.9.0","MIT",-,-,-,Javascript,-,-,-,
"@babel/plugin-proposal-optional-catch-binding@7.8.3","MIT",-,-,-,Javascript,-,-,-,
"@babel/plugin-proposal-optional-chaining@7.9.0","MIT",-,-,-,Javascript,-,-,-,
"@babel/plugin-proposal-unicode-property-regex@7.8.8","MIT",-,-,-,Javascript,-,-,-,
"@babel/plugin-syntax-async-generators@7.8.4","MIT",-,-,-,Javascript,-,-,-,
"@babel/plugin-syntax-dynamic-import@7.8.3","MIT",-,-,-,Javascript,-,-,-,
"@babel/plugin-syntax-json-strings@7.8.3","MIT",-,-,-,Javascript,-,-,-,
"@babel/plugin-syntax-nullish-coalescing-operator@7.8.3","MIT",-,-,-,Javascript,-,-,-,
"@babel/plugin-syntax-object-rest-spread@7.8.3","MIT",-,-,-,Javascript,-,-,-,
"@babel/plugin-syntax-optional-catch-binding@7.8.3","MIT",-,-,-,Javascript,-,-,-,
"@babel/plugin-syntax-optional-chaining@7.8.3","MIT",-,-,-,Javascript,-,-,-,
"@babel/plugin-syntax-top-level-await@7.8.3","MIT",-,-,-,Javascript,-,-,-,
"@babel/plugin-transform-arrow-functions@7.8.3","MIT",-,-,-,Javascript,-,-,-,
"@babel/plugin-transform-async-to-generator@7.8.3","MIT",-,-,-,Javascript,-,-,-,
"@babel/plugin-transform-block-scoped-functions@7.8.3","MIT",-,-,-,Javascript,-,-,-,
"@babel/plugin-transform-block-scoping@7.8.3","MIT",-,-,-,Javascript,-,-,-,
"@babel/plugin-transform-classes@7.9.2","MIT",-,-,-,Javascript,-,-,-,
"@babel/plugin-transform-computed-properties@7.8.3","MIT",-,-,-,Javascript,-,-,-,
"@babel/plugin-transform-destructuring@7.8.8","MIT",-,-,-,Javascript,-,-,-,
"@babel/plugin-transform-dotall-regex@7.8.3","MIT",-,-,-,Javascript,-,-,-,
"@babel/plugin-transform-duplicate-keys@7.8.3","MIT",-,-,-,Javascript,-,-,-,
"@babel/plugin-transform-exponentiation-operator@7.8.3","MIT",-,-,-,Javascript,-,-,-,
"@babel/plugin-transform-for-of@7.9.0","MIT",-,-,-,Javascript,-,-,-,
"@babel/plugin-transform-function-name@7.8.3","MIT",-,-,-,Javascript,-,-,-,
"@babel/plugin-transform-literals@7.8.3","MIT",-,-,-,Javascript,-,-,-,
"@babel/plugin-transform-member-expression-literals@7.8.3","MIT",-,-,-,Javascript,-,-,-,
"@babel/plugin-transform-modules-amd@7.9.0","MIT",-,-,-,Javascript,-,-,-,
"@babel/plugin-transform-modules-commonjs@7.9.0","MIT",-,-,-,Javascript,-,-,-,
"@babel/plugin-transform-modules-systemjs@7.9.0","MIT",-,-,-,Javascript,-,-,-,
"@babel/plugin-transform-modules-umd@7.9.0","MIT",-,-,-,Javascript,-,-,-,
"@babel/plugin-transform-named-capturing-groups-regex@7.8.3","MIT",-,-,-,Javascript,-,-,-,
"@babel/plugin-transform-new-target@7.8.3","MIT",-,-,-,Javascript,-,-,-,
"@babel/plugin-transform-object-super@7.8.3","MIT",-,-,-,Javascript,-,-,-,
"@babel/plugin-transform-parameters@7.9.3","MIT",-,-,-,Javascript,-,-,-,
"@babel/plugin-transform-property-literals@7.8.3","MIT",-,-,-,Javascript,-,-,-,
"@babel/plugin-transform-regenerator@7.8.7","MIT",-,-,-,Javascript,-,-,-,
"@babel/plugin-transform-reserved-words@7.8.3","MIT",-,-,-,Javascript,-,-,-,
"@babel/plugin-transform-shorthand-properties@7.8.3","MIT",-,-,-,Javascript,-,-,-,
"@babel/plugin-transform-spread@7.8.3","MIT",-,-,-,Javascript,-,-,-,
"@babel/plugin-transform-sticky-regex@7.8.3","MIT",-,-,-,Javascript,-,-,-,
"@babel/plugin-transform-template-literals@7.8.3","MIT",-,-,-,Javascript,-,-,-,
"@babel/plugin-transform-typeof-symbol@7.8.4","MIT",-,-,-,Javascript,-,-,-,
"@babel/plugin-transform-unicode-regex@7.8.3","MIT",-,-,-,Javascript,-,-,-,
"@babel/preset-env@7.8.7","MIT",-,-,-,Javascript,-,-,-,
"@babel/runtime@7.9.2","MIT",-,-,-,Javascript,-,-,-,
"@babel/template@7.8.6","MIT",-,-,-,Javascript,-,-,-,
"@babel/traverse@7.8.6","MIT",-,-,-,Javascript,-,-,-,
"@babel/traverse@7.9.0","MIT",-,-,-,Javascript,-,-,-,
"@babel/types@7.8.7","MIT",-,-,-,Javascript,-,-,-,
"@babel/types@7.9.0","MIT",-,-,-,Javascript,-,-,-,
"@istanbuljs/schema@0.1.2","MIT",-,-,-,Javascript,-,-,-,
"@ng-bootstrap/ng-bootstrap@5.2.3","MIT",-,-,-,Javascript,-,-,-,
"@ngtools/webpack@8.3.26","MIT",-,-,-,Javascript,-,-,-,
"@schematics/angular@8.0.6","MIT",-,-,-,Javascript,-,-,-,
"@schematics/angular@9.1.7","MIT",-,-,-,Javascript,-,-,-,
"@schematics/update@0.800.6","MIT",-,-,-,Javascript,-,-,-,
"@schematics/update@0.901.7","MIT",-,-,-,Javascript,-,-,-,
"@types/anymatch@1.3.1","MIT",-,-,-,Javascript,-,-,-,
"@types/color-name@1.1.1","MIT",-,-,-,Javascript,-,-,-,
"@types/datatables.net@1.10.19","MIT",-,-,-,Javascript,-,-,-,
"@types/glob@7.1.2","MIT",-,-,-,Javascript,-,-,-,
"@types/html-minifier-terser@5.1.0","MIT",-,-,-,Javascript,-,-,-,
"@types/jasmine@3.3.16","MIT",-,-,-,Javascript,-,-,-,
"@types/jasminewd2@2.0.8","MIT",-,-,-,Javascript,-,-,-,
"@types/jquery@3.5.14","MIT",-,-,-,Javascript,-,-,-,
"@types/json-schema@7.0.5","MIT",-,-,-,Javascript,-,-,-,
"@types/minimatch@3.0.3","MIT",-,-,-,Javascript,-,-,-,
"@types/node@8.9.5","MIT",-,-,-,Javascript,-,-,-,
"@types/q@0.0.32","MIT",-,-,-,Javascript,-,-,-,
"@types/selenium-webdriver@3.0.17","MIT",-,-,-,Javascript,-,-,-,
"@types/sizzle@2.3.2","MIT",-,-,-,Javascript,-,-,-,
"@types/source-list-map@0.1.2","MIT",-,-,-,Javascript,-,-,-,
"@types/tapable@1.0.5","MIT",-,-,-,Javascript,-,-,-,
"@types/uglify-js@3.9.2","MIT",-,-,-,Javascript,-,-,-,
"@types/webpack-sources@0.1.6","MIT",-,-,-,Javascript,-,-,-,
"@types/webpack@4.41.17","MIT",-,-,-,Javascript,-,-,-,
"@webassemblyjs/ast@1.8.5","MIT",-,-,-,Javascript,-,-,-,
"@webassemblyjs/ast@1.9.0","MIT",-,-,-,Javascript,-,-,-,
"@webassemblyjs/floating-point-hex-parser@1.8.5","MIT",-,-,-,Javascript,-,-,-,
"@webassemblyjs/floating-point-hex-parser@1.9.0","MIT",-,-,-,Javascript,-,-,-,
"@webassemblyjs/helper-api-error@1.8.5","MIT",-,-,-,Javascript,-,-,-,
"@webassemblyjs/helper-api-error@1.9.0","MIT",-,-,-,Javascript,-,-,-,
"@webassemblyjs/helper-buffer@1.8.5","MIT",-,-,-,Javascript,-,-,-,
"@webassemblyjs/helper-buffer@1.9.0","MIT",-,-,-,Javascript,-,-,-,
"@webassemblyjs/helper-code-frame@1.8.5","MIT",-,-,-,Javascript,-,-,-,
"@webassemblyjs/helper-code-frame@1.9.0","MIT",-,-,-,Javascript,-,-,-,
"@webassemblyjs/helper-fsm@1.8.5","ISC",-,-,-,Javascript,-,-,-,
"@webassemblyjs/helper-fsm@1.9.0","ISC",-,-,-,Javascript,-,-,-,
"@webassemblyjs/helper-module-context@1.8.5","MIT",-,-,-,Javascript,-,-,-,
"@webassemblyjs/helper-module-context@1.9.0","MIT",-,-,-,Javascript,-,-,-,
"@webassemblyjs/helper-wasm-bytecode@1.8.5","MIT",-,-,-,Javascript,-,-,-,
"@webassemblyjs/helper-wasm-bytecode@1.9.0","MIT",-,-,-,Javascript,-,-,-,
"@webassemblyjs/helper-wasm-section@1.8.5","MIT",-,-,-,Javascript,-,-,-,
"@webassemblyjs/helper-wasm-section@1.9.0","MIT",-,-,-,Javascript,-,-,-,
"@webassemblyjs/ieee754@1.8.5","MIT",-,-,-,Javascript,-,-,-,
"@webassemblyjs/ieee754@1.9.0","MIT",-,-,-,Javascript,-,-,-,
"@webassemblyjs/leb128@1.8.5","MIT",-,-,-,Javascript,-,-,-,
"@webassemblyjs/leb128@1.9.0","MIT",-,-,-,Javascript,-,-,-,
"@webassemblyjs/utf8@1.8.5","MIT",-,-,-,Javascript,-,-,-,
"@webassemblyjs/utf8@1.9.0","MIT",-,-,-,Javascript,-,-,-,
"@webassemblyjs/wasm-edit@1.8.5","MIT",-,-,-,Javascript,-,-,-,
"@webassemblyjs/wasm-edit@1.9.0","MIT",-,-,-,Javascript,-,-,-,
"@webassemblyjs/wasm-gen@1.8.5","MIT",-,-,-,Javascript,-,-,-,
"@webassemblyjs/wasm-gen@1.9.0","MIT",-,-,-,Javascript,-,-,-,
"@webassemblyjs/wasm-opt@1.8.5","MIT",-,-,-,Javascript,-,-,-,
"@webassemblyjs/wasm-opt@1.9.0","MIT",-,-,-,Javascript,-,-,-,
"@webassemblyjs/wasm-parser@1.8.5","MIT",-,-,-,Javascript,-,-,-,
"@webassemblyjs/wasm-parser@1.9.0","MIT",-,-,-,Javascript,-,-,-,
"@webassemblyjs/wast-parser@1.8.5","MIT",-,-,-,Javascript,-,-,-,
"@webassemblyjs/wast-parser@1.9.0","MIT",-,-,-,Javascript,-,-,-,
"@webassemblyjs/wast-printer@1.8.5","MIT",-,-,-,Javascript,-,-,-,
"@webassemblyjs/wast-printer@1.9.0","MIT",-,-,-,Javascript,-,-,-,
"@xtuc/ieee754@1.2.0","BSD-3-Clause",-,-,-,Javascript,-,-,-,
"@xtuc/long@4.2.2","Apache-2.0",-,-,-,Javascript,-,-,-,
"@yarnpkg/lockfile@1.1.0","BSD-2-Clause",-,-,-,Javascript,-,-,-,
"JSONStream@1.3.5","(MIT OR Apache-2.0)",-,-,-,Javascript,-,-,-,
"accepts@1.3.7","MIT",-,-,-,Javascript,-,-,-,
"acorn@6.4.1","MIT",-,-,-,Javascript,-,-,-,
"adm-zip@0.4.14","MIT",-,-,-,Javascript,-,-,-,
"after@0.8.2","MIT",-,-,-,Javascript,-,-,-,
"agent-base@4.2.1","MIT",-,-,-,Javascript,-,-,-,
"agent-base@4.3.0","MIT",-,-,-,Javascript,-,-,-,
"agentkeepalive@3.5.2","MIT",-,-,-,Javascript,-,-,-,
"ajv-errors@1.0.1","MIT",-,-,-,Javascript,-,-,-,
"ajv-keywords@3.4.1","MIT",-,-,-,Javascript,-,-,-,
"ajv@6.10.0","MIT",-,-,-,Javascript,-,-,-,
"ajv@6.10.2","MIT",-,-,-,Javascript,-,-,-,
"ajv@6.12.0","MIT",-,-,-,Javascript,-,-,-,
"ajv@6.12.2","MIT",-,-,-,Javascript,-,-,-,
"amdefine@1.0.1","BSD-3-Clause OR MIT",-,-,-,Javascript,-,-,-,
"angular-datatables@9.0.2","MIT",-,-,-,Javascript,-,-,-,
"angular2-template-loader@0.6.2","MIT",-,-,-,Javascript,-,-,-,
"ansi-colors@3.2.4","MIT",-,-,-,Javascript,-,-,-,
"ansi-colors@4.1.1","MIT",-,-,-,Javascript,-,-,-,
"ansi-escapes@3.2.0","MIT",-,-,-,Javascript,-,-,-,
"ansi-escapes@4.3.1","MIT",-,-,-,Javascript,-,-,-,
"ansi-html@0.0.7","Apache-2.0",-,-,-,Javascript,-,-,-,
"ansi-regex@2.1.1","MIT",-,-,-,Javascript,-,-,-,
"ansi-regex@3.0.0","MIT",-,-,-,Javascript,-,-,-,
"ansi-regex@4.1.0","MIT",-,-,-,Javascript,-,-,-,
"ansi-regex@4.1.1","MIT",-,-,-,Javascript,-,-,-,
"ansi-regex@5.0.0","MIT",-,-,-,Javascript,-,-,-,
"ansi-styles@2.2.1","MIT",-,-,-,Javascript,-,-,-,
"ansi-styles@3.2.1","MIT",-,-,-,Javascript,-,-,-,
"ansi-styles@4.2.1","MIT",-,-,-,Javascript,-,-,-,
"anymatch@2.0.0","ISC",-,-,-,Javascript,-,-,-,
"anymatch@3.1.1","ISC",-,-,-,Javascript,-,-,-,
"app-root-path@2.2.1","MIT",-,-,-,Javascript,-,-,-,
"append-transform@1.0.0","MIT",-,-,-,Javascript,-,-,-,
"aproba@1.2.0","ISC",-,-,-,Javascript,-,-,-,
"arg@4.1.3","MIT",-,-,-,Javascript,-,-,-,
"argparse@1.0.10","MIT",-,-,-,Javascript,-,-,-,
"aria-query@3.0.0","Apache-2.0",-,-,-,Javascript,-,-,-,
"arr-diff@4.0.0","MIT",-,-,-,Javascript,-,-,-,
"arr-flatten@1.1.0","MIT",-,-,-,Javascript,-,-,-,
"arr-union@3.1.0","MIT",-,-,-,Javascript,-,-,-,
"array-flatten@1.1.1","MIT",-,-,-,Javascript,-,-,-,
"array-flatten@2.1.2","MIT",-,-,-,Javascript,-,-,-,
"array-union@1.0.2","MIT",-,-,-,Javascript,-,-,-,
"array-uniq@1.0.3","MIT",-,-,-,Javascript,-,-,-,
"array-unique@0.3.2","MIT",-,-,-,Javascript,-,-,-,
"arraybuffer.slice@0.0.7","MIT",-,-,-,Javascript,-,-,-,
"arrify@1.0.1","MIT",-,-,-,Javascript,-,-,-,
"asap@2.0.6","MIT",-,-,-,Javascript,-,-,-,
"asn1.js@4.10.1","MIT",-,-,-,Javascript,-,-,-,
"asn1@0.2.4","MIT",-,-,-,Javascript,-,-,-,
"assert-plus@1.0.0","MIT",-,-,-,Javascript,-,-,-,
"assert@1.5.0","MIT",-,-,-,Javascript,-,-,-,
"assign-symbols@1.0.0","MIT",-,-,-,Javascript,-,-,-,
"ast-types-flow@0.0.7","ISC",-,-,-,Javascript,-,-,-,
"async-each@1.0.3","MIT",-,-,-,Javascript,-,-,-,
"async-limiter@1.0.1","MIT",-,-,-,Javascript,-,-,-,
"async@2.6.3","MIT",-,-,-,Javascript,-,-,-,
"asynckit@0.4.0","MIT",-,-,-,Javascript,-,-,-,
"atob@2.1.2","(MIT OR Apache-2.0)",-,-,-,Javascript,-,-,-,
"autoprefixer@9.6.1","MIT",-,-,-,Javascript,-,-,-,
"aws-sign2@0.7.0","Apache-2.0",-,-,-,Javascript,-,-,-,
"aws4@1.9.1","MIT",-,-,-,Javascript,-,-,-,
"axobject-query@2.0.2","Apache-2.0",-,-,-,Javascript,-,-,-,
"babel-code-frame@6.26.0","MIT",-,-,-,Javascript,-,-,-,
"babel-plugin-dynamic-import-node@2.3.0","MIT",-,-,-,Javascript,-,-,-,
"backo2@1.0.2","MIT",-,-,-,Javascript,-,-,-,
"balanced-match@1.0.0","MIT",-,-,-,Javascript,-,-,-,
"base64-arraybuffer@0.1.5","MIT",-,-,-,Javascript,-,-,-,
"base64-js@1.3.1","MIT",-,-,-,Javascript,-,-,-,
"base64id@1.0.0","MIT",-,-,-,Javascript,-,-,-,
"base@0.11.2","MIT",-,-,-,Javascript,-,-,-,
"batch@0.6.1","MIT",-,-,-,Javascript,-,-,-,
"bcrypt-pbkdf@1.0.2","BSD-3-Clause",-,-,-,Javascript,-,-,-,
"better-assert@1.0.2","MIT*",-,-,-,Javascript,-,-,-,
"big.js@3.2.0","MIT",-,-,-,Javascript,-,-,-,
"big.js@5.2.2","MIT",-,-,-,Javascript,-,-,-,
"binary-extensions@1.13.1","MIT",-,-,-,Javascript,-,-,-,
"binary-extensions@2.0.0","MIT",-,-,-,Javascript,-,-,-,
"blob@0.0.5","MIT",-,-,-,Javascript,-,-,-,
"blocking-proxy@1.0.1","MIT",-,-,-,Javascript,-,-,-,
"bluebird@3.7.2","MIT",-,-,-,Javascript,-,-,-,
"bn.js@4.11.9","MIT",-,-,-,Javascript,-,-,-,
"bn.js@5.1.2","MIT",-,-,-,Javascript,-,-,-,
"body-parser@1.19.0","MIT",-,-,-,Javascript,-,-,-,
"bonjour@3.5.0","MIT",-,-,-,Javascript,-,-,-,
"boolbase@1.0.0","ISC",-,-,-,Javascript,-,-,-,
"bootstrap@4.5.0","MIT",-,-,-,Javascript,-,-,-,
"brace-expansion@1.1.11","MIT",-,-,-,Javascript,-,-,-,
"braces@2.3.2","MIT",-,-,-,Javascript,-,-,-,
"braces@3.0.2","MIT",-,-,-,Javascript,-,-,-,
"brorand@1.1.0","MIT",-,-,-,Javascript,-,-,-,
"browserify-aes@1.2.0","MIT",-,-,-,Javascript,-,-,-,
"browserify-cipher@1.0.1","MIT",-,-,-,Javascript,-,-,-,
"browserify-des@1.0.2","MIT",-,-,-,Javascript,-,-,-,
"browserify-rsa@4.0.1","MIT",-,-,-,Javascript,-,-,-,
"browserify-sign@4.2.0","ISC",-,-,-,Javascript,-,-,-,
"browserify-zlib@0.2.0","MIT",-,-,-,Javascript,-,-,-,
"browserslist@4.10.0","MIT",-,-,-,Javascript,-,-,-,
"browserslist@4.11.0","MIT",-,-,-,Javascript,-,-,-,
"browserslist@4.8.6","MIT",-,-,-,Javascript,-,-,-,
"browserstack@1.6.0","MIT",-,-,-,Javascript,-,-,-,
"buffer-alloc-unsafe@1.1.0","MIT",-,-,-,Javascript,-,-,-,
"buffer-alloc@1.2.0","MIT",-,-,-,Javascript,-,-,-,
"buffer-fill@1.0.0","MIT",-,-,-,Javascript,-,-,-,
"buffer-from@1.1.1","MIT",-,-,-,Javascript,-,-,-,
"buffer-indexof@1.1.1","MIT",-,-,-,Javascript,-,-,-,
"buffer-xor@1.0.3","MIT",-,-,-,Javascript,-,-,-,
"buffer@4.9.2","MIT",-,-,-,Javascript,-,-,-,
"builtin-modules@1.1.1","MIT",-,-,-,Javascript,-,-,-,
"builtin-status-codes@3.0.0","MIT",-,-,-,Javascript,-,-,-,
"builtins@1.0.3","MIT",-,-,-,Javascript,-,-,-,
"bytes@3.0.0","MIT",-,-,-,Javascript,-,-,-,
"bytes@3.1.0","MIT",-,-,-,Javascript,-,-,-,
"cacache@11.3.3","ISC",-,-,-,Javascript,-,-,-,
"cacache@12.0.2","ISC",-,-,-,Javascript,-,-,-,
"cacache@12.0.3","ISC",-,-,-,Javascript,-,-,-,
"cache-base@1.0.1","MIT",-,-,-,Javascript,-,-,-,
"caller-callsite@2.0.0","MIT",-,-,-,Javascript,-,-,-,
"caller-path@2.0.0","MIT",-,-,-,Javascript,-,-,-,
"callsite@1.0.0","MIT*",-,-,-,Javascript,-,-,-,
"callsites@2.0.0","MIT",-,-,-,Javascript,-,-,-,
"camel-case@4.1.1","MIT",-,-,-,Javascript,-,-,-,
"camelcase@5.3.1","MIT",-,-,-,Javascript,-,-,-,
"caniuse-lite@1.0.30001024","CC-BY-4.0",-,-,-,Javascript,-,-,-,
"caniuse-lite@1.0.30001035","CC-BY-4.0",-,-,-,Javascript,-,-,-,
"caniuse-lite@1.0.30001036","CC-BY-4.0",-,-,-,Javascript,-,-,-,
"canonical-path@1.0.0","MIT",-,-,-,Javascript,-,-,-,
"caseless@0.12.0","Apache-2.0",-,-,-,Javascript,-,-,-,
"chalk@1.1.3","MIT",-,-,-,Javascript,-,-,-,
"chalk@2.4.2","MIT",-,-,-,Javascript,-,-,-,
"chalk@3.0.0","MIT",-,-,-,Javascript,-,-,-,
"chardet@0.7.0","MIT",-,-,-,Javascript,-,-,-,
"chokidar@2.1.8","MIT",-,-,-,Javascript,-,-,-,
"chokidar@3.3.1","MIT",-,-,-,Javascript,-,-,-,
"chokidar@3.4.0","MIT",-,-,-,Javascript,-,-,-,
"chownr@1.1.4","ISC",-,-,-,Javascript,-,-,-,
"chrome-trace-event@1.0.2","MIT",-,-,-,Javascript,-,-,-,
"cipher-base@1.0.4","MIT",-,-,-,Javascript,-,-,-,
"circular-dependency-plugin@5.2.0","ISC",-,-,-,Javascript,-,-,-,
"class-utils@0.3.6","MIT",-,-,-,Javascript,-,-,-,
"clean-css@4.2.1","MIT",-,-,-,Javascript,-,-,-,
"clean-css@4.2.3","MIT",-,-,-,Javascript,-,-,-,
"cli-cursor@2.1.0","MIT",-,-,-,Javascript,-,-,-,
"cli-cursor@3.1.0","MIT",-,-,-,Javascript,-,-,-,
"cli-spinners@2.3.0","MIT",-,-,-,Javascript,-,-,-,
"cli-width@2.2.0","ISC",-,-,-,Javascript,-,-,-,
"cliui@4.1.0","ISC",-,-,-,Javascript,-,-,-,
"cliui@5.0.0","ISC",-,-,-,Javascript,-,-,-,
"clone-deep@4.0.1","MIT",-,-,-,Javascript,-,-,-,
"clone@1.0.4","MIT",-,-,-,Javascript,-,-,-,
"clone@2.1.2","MIT",-,-,-,Javascript,-,-,-,
"code-point-at@1.1.0","MIT",-,-,-,Javascript,-,-,-,
"codelyzer@5.2.2","MIT",-,-,-,Javascript,-,-,-,
"collection-visit@1.0.0","MIT",-,-,-,Javascript,-,-,-,
"color-convert@1.9.3","MIT",-,-,-,Javascript,-,-,-,
"color-convert@2.0.1","MIT",-,-,-,Javascript,-,-,-,
"color-name@1.1.3","MIT",-,-,-,Javascript,-,-,-,
"color-name@1.1.4","MIT",-,-,-,Javascript,-,-,-,
"colors@1.1.2","MIT",-,-,-,Javascript,-,-,-,
"combined-stream@1.0.8","MIT",-,-,-,Javascript,-,-,-,
"commander@2.20.3","MIT",-,-,-,Javascript,-,-,-,
"commander@4.1.1","MIT",-,-,-,Javascript,-,-,-,
"commondir@1.0.1","MIT",-,-,-,Javascript,-,-,-,
"compare-versions@3.6.0","MIT",-,-,-,Javascript,-,-,-,
"component-bind@1.0.0","MIT*",-,-,-,Javascript,-,-,-,
"component-emitter@1.2.1","MIT",-,-,-,Javascript,-,-,-,
"component-emitter@1.3.0","MIT",-,-,-,Javascript,-,-,-,
"component-inherit@0.0.3","MIT*",-,-,-,Javascript,-,-,-,
"compressible@2.0.18","MIT",-,-,-,Javascript,-,-,-,
"compression@1.7.4","MIT",-,-,-,Javascript,-,-,-,
"concat-map@0.0.1","MIT",-,-,-,Javascript,-,-,-,
"concat-stream@1.6.2","MIT",-,-,-,Javascript,-,-,-,
"connect-history-api-fallback@1.6.0","MIT",-,-,-,Javascript,-,-,-,
"connect@3.7.0","MIT",-,-,-,Javascript,-,-,-,
"console-browserify@1.2.0","MIT",-,-,-,Javascript,-,-,-,
"constants-browserify@1.0.0","MIT",-,-,-,Javascript,-,-,-,
"content-disposition@0.5.3","MIT",-,-,-,Javascript,-,-,-,
"content-type@1.0.4","MIT",-,-,-,Javascript,-,-,-,
"convert-source-map@1.7.0","MIT",-,-,-,Javascript,-,-,-,
"cookie-signature@1.0.6","MIT",-,-,-,Javascript,-,-,-,
"cookie@0.3.1","MIT",-,-,-,Javascript,-,-,-,
"cookie@0.4.0","MIT",-,-,-,Javascript,-,-,-,
"copy-concurrently@1.0.5","ISC",-,-,-,Javascript,-,-,-,
"copy-descriptor@0.1.1","MIT",-,-,-,Javascript,-,-,-,
"copy-webpack-plugin@5.1.1","MIT",-,-,-,Javascript,-,-,-,
"core-js-compat@3.6.4","MIT",-,-,-,Javascript,-,-,-,
"core-js@2.6.11","MIT",-,-,-,Javascript,-,-,-,
"core-js@3.6.4","MIT",-,-,-,Javascript,-,-,-,
"core-util-is@1.0.2","MIT",-,-,-,Javascript,-,-,-,
"cosmiconfig@5.2.1","MIT",-,-,-,Javascript,-,-,-,
"coverage-istanbul-loader@2.0.3","MIT",-,-,-,Javascript,-,-,-,
"create-ecdh@4.0.3","MIT",-,-,-,Javascript,-,-,-,
"create-hash@1.2.0","MIT",-,-,-,Javascript,-,-,-,
"create-hmac@1.1.7","MIT",-,-,-,Javascript,-,-,-,
"cross-spawn@6.0.5","MIT",-,-,-,Javascript,-,-,-,
"crypto-browserify@3.12.0","MIT",-,-,-,Javascript,-,-,-,
"css-loader@3.6.0","MIT",-,-,-,Javascript,-,-,-,
"css-parse@1.7.0","MIT",-,-,-,Javascript,-,-,-,
"css-select@1.2.0","BSD*",-,-,-,Javascript,-,-,-,
"css-selector-tokenizer@0.7.2","MIT",-,-,-,Javascript,-,-,-,
"css-what@2.1.3","BSD-2-Clause",-,-,-,Javascript,-,-,-,
"cssauron@1.4.0","MIT",-,-,-,Javascript,-,-,-,
"cssesc@3.0.0","MIT",-,-,-,Javascript,-,-,-,
"custom-event@1.0.1","MIT",-,-,-,Javascript,-,-,-,
"cyclist@1.0.1","MIT",-,-,-,Javascript,-,-,-,
"damerau-levenshtein@1.0.6","BSD-2-Clause",-,-,-,Javascript,-,-,-,
"dashdash@1.14.1","MIT",-,-,-,Javascript,-,-,-,
"datatables.net-dt@1.10.21","MIT",-,-,-,Javascript,-,-,-,
"datatables.net@1.10.21","MIT",-,-,-,Javascript,-,-,-,
"date-format@2.1.0","MIT",-,-,-,Javascript,-,-,-,
"debug@2.6.9","MIT",-,-,-,Javascript,-,-,-,
"debug@3.1.0","MIT",-,-,-,Javascript,-,-,-,
"debug@3.2.6","MIT",-,-,-,Javascript,-,-,-,
"debug@4.1.1","MIT",-,-,-,Javascript,-,-,-,
"debuglog@1.0.1","MIT",-,-,-,Javascript,-,-,-,
"decamelize@1.2.0","MIT",-,-,-,Javascript,-,-,-,
"decode-uri-component@0.2.0","MIT",-,-,-,Javascript,-,-,-,
"deep-equal@1.1.1","MIT",-,-,-,Javascript,-,-,-,
"default-gateway@4.2.0","BSD-2-Clause",-,-,-,Javascript,-,-,-,
"default-require-extensions@2.0.0","MIT",-,-,-,Javascript,-,-,-,
"defaults@1.0.3","MIT",-,-,-,Javascript,-,-,-,
"define-properties@1.1.3","MIT",-,-,-,Javascript,-,-,-,
"define-property@0.2.5","MIT",-,-,-,Javascript,-,-,-,
"define-property@1.0.0","MIT",-,-,-,Javascript,-,-,-,
"define-property@2.0.2","MIT",-,-,-,Javascript,-,-,-,
"del@2.2.2","MIT",-,-,-,Javascript,-,-,-,
"del@4.1.1","MIT",-,-,-,Javascript,-,-,-,
"delayed-stream@1.0.0","MIT",-,-,-,Javascript,-,-,-,
"depd@1.1.2","MIT",-,-,-,Javascript,-,-,-,
"dependency-graph@0.7.2","MIT",-,-,-,Javascript,-,-,-,
"des.js@1.0.1","MIT",-,-,-,Javascript,-,-,-,
"destroy@1.0.4","MIT",-,-,-,Javascript,-,-,-,
"detect-file@1.0.0","MIT",-,-,-,Javascript,-,-,-,
"detect-node@2.0.4","ISC",-,-,-,Javascript,-,-,-,
"dezalgo@1.0.3","ISC",-,-,-,Javascript,-,-,-,
"di@0.0.1","MIT",-,-,-,Javascript,-,-,-,
"diff@3.5.0","BSD-3-Clause",-,-,-,Javascript,-,-,-,
"diff@4.0.2","BSD-3-Clause",-,-,-,Javascript,-,-,-,
"diffie-hellman@5.0.3","MIT",-,-,-,Javascript,-,-,-,
"dir-glob@2.2.2","MIT",-,-,-,Javascript,-,-,-,
"dns-equal@1.0.0","MIT",-,-,-,Javascript,-,-,-,
"dns-packet@1.3.1","MIT",-,-,-,Javascript,-,-,-,
"dns-txt@2.0.2","MIT",-,-,-,Javascript,-,-,-,
"dom-converter@0.2.0","MIT",-,-,-,Javascript,-,-,-,
"dom-serialize@2.2.1","MIT",-,-,-,Javascript,-,-,-,
"dom-serializer@0.2.2","MIT",-,-,-,Javascript,-,-,-,
"domain-browser@1.2.0","MIT",-,-,-,Javascript,-,-,-,
"domelementtype@1.3.1","BSD-2-Clause",-,-,-,Javascript,-,-,-,
"domelementtype@2.0.1","BSD-2-Clause",-,-,-,Javascript,-,-,-,
"domhandler@2.4.2","BSD-2-Clause",-,-,-,Javascript,-,-,-,
"domhandler@3.0.0","BSD-2-Clause",-,-,-,Javascript,-,-,-,
"domutils@1.5.1","BSD*",-,-,-,Javascript,-,-,-,
"domutils@2.1.0","BSD-2-Clause",-,-,-,Javascript,-,-,-,
"dot-case@3.0.3","MIT",-,-,-,Javascript,-,-,-,
"duplexify@3.7.1","MIT",-,-,-,Javascript,-,-,-,
"ecc-jsbn@0.1.2","MIT",-,-,-,Javascript,-,-,-,
"ee-first@1.1.1","MIT",-,-,-,Javascript,-,-,-,
"electron-to-chromium@1.3.380","ISC",-,-,-,Javascript,-,-,-,
"elliptic@6.5.2","MIT",-,-,-,Javascript,-,-,-,
"emoji-regex@7.0.3","MIT",-,-,-,Javascript,-,-,-,
"emoji-regex@8.0.0","MIT",-,-,-,Javascript,-,-,-,
"emojis-list@2.1.0","MIT",-,-,-,Javascript,-,-,-,
"emojis-list@3.0.0","MIT",-,-,-,Javascript,-,-,-,
"encodeurl@1.0.2","MIT",-,-,-,Javascript,-,-,-,
"encoding@0.1.12","MIT",-,-,-,Javascript,-,-,-,
"end-of-stream@1.4.4","MIT",-,-,-,Javascript,-,-,-,
"engine.io-client@3.2.1","MIT",-,-,-,Javascript,-,-,-,
"engine.io-parser@2.1.3","MIT",-,-,-,Javascript,-,-,-,
"engine.io@3.2.1","MIT",-,-,-,Javascript,-,-,-,
"enhanced-resolve@4.1.0","MIT",-,-,-,Javascript,-,-,-,
"enhanced-resolve@4.5.0","MIT",-,-,-,Javascript,-,-,-,
"ent@2.2.0","MIT",-,-,-,Javascript,-,-,-,
"entities@1.1.2","BSD-2-Clause",-,-,-,Javascript,-,-,-,
"entities@2.0.3","BSD-2-Clause",-,-,-,Javascript,-,-,-,
"err-code@1.1.2","MIT",-,-,-,Javascript,-,-,-,
"errno@0.1.7","MIT",-,-,-,Javascript,-,-,-,
"error-ex@1.3.2","MIT",-,-,-,Javascript,-,-,-,
"es-abstract@1.17.4","MIT",-,-,-,Javascript,-,-,-,
"es-abstract@1.17.5","MIT",-,-,-,Javascript,-,-,-,
"es-to-primitive@1.2.1","MIT",-,-,-,Javascript,-,-,-,
"es6-promise@4.2.8","MIT",-,-,-,Javascript,-,-,-,
"es6-promisify@5.0.0","MIT",-,-,-,Javascript,-,-,-,
"escape-html@1.0.3","MIT",-,-,-,Javascript,-,-,-,
"escape-string-regexp@1.0.5","MIT",-,-,-,Javascript,-,-,-,
"eslint-scope@4.0.3","BSD-2-Clause",-,-,-,Javascript,-,-,-,
"esprima@4.0.1","BSD-2-Clause",-,-,-,Javascript,-,-,-,
"esrecurse@4.2.1","BSD-2-Clause",-,-,-,Javascript,-,-,-,
"estraverse@4.3.0","BSD-2-Clause",-,-,-,Javascript,-,-,-,
"esutils@2.0.3","BSD-2-Clause",-,-,-,Javascript,-,-,-,
"etag@1.8.1","MIT",-,-,-,Javascript,-,-,-,
"eventemitter3@4.0.4","MIT",-,-,-,Javascript,-,-,-,
"events@3.1.0","MIT",-,-,-,Javascript,-,-,-,
"eventsource@1.0.7","MIT",-,-,-,Javascript,-,-,-,
"evp_bytestokey@1.0.3","MIT",-,-,-,Javascript,-,-,-,
"execa@1.0.0","MIT",-,-,-,Javascript,-,-,-,
"exit@0.1.2","MIT",-,-,-,Javascript,-,-,-,
"expand-brackets@2.1.4","MIT",-,-,-,Javascript,-,-,-,
"expand-tilde@2.0.2","MIT",-,-,-,Javascript,-,-,-,
"express@4.17.1","MIT",-,-,-,Javascript,-,-,-,
"extend-shallow@2.0.1","MIT",-,-,-,Javascript,-,-,-,
"extend-shallow@3.0.2","MIT",-,-,-,Javascript,-,-,-,
"extend@3.0.2","MIT",-,-,-,Javascript,-,-,-,
"external-editor@3.1.0","MIT",-,-,-,Javascript,-,-,-,
"extglob@2.0.4","MIT",-,-,-,Javascript,-,-,-,
"extsprintf@1.3.0","MIT",-,-,-,Javascript,-,-,-,
"fast-deep-equal@2.0.1","MIT",-,-,-,Javascript,-,-,-,
"fast-deep-equal@3.1.3","MIT",-,-,-,Javascript,-,-,-,
"fast-json-stable-stringify@2.0.0","MIT",-,-,-,Javascript,-,-,-,
"fast-json-stable-stringify@2.1.0","MIT",-,-,-,Javascript,-,-,-,
"fastparse@1.1.2","MIT",-,-,-,Javascript,-,-,-,
"faye-websocket@0.10.0","MIT",-,-,-,Javascript,-,-,-,
"faye-websocket@0.11.3","Apache-2.0",-,-,-,Javascript,-,-,-,
"figgy-pudding@3.5.1","ISC",-,-,-,Javascript,-,-,-,
"figures@2.0.0","MIT",-,-,-,Javascript,-,-,-,
"figures@3.2.0","MIT",-,-,-,Javascript,-,-,-,
"file-loader@4.2.0","MIT",-,-,-,Javascript,-,-,-,
"fileset@2.0.3","MIT",-,-,-,Javascript,-,-,-,
"fill-range@4.0.0","MIT",-,-,-,Javascript,-,-,-,
"fill-range@7.0.1","MIT",-,-,-,Javascript,-,-,-,
"finalhandler@1.1.2","MIT",-,-,-,Javascript,-,-,-,
"find-cache-dir@2.1.0","MIT",-,-,-,Javascript,-,-,-,
"find-cache-dir@3.0.0","MIT",-,-,-,Javascript,-,-,-,
"find-up@3.0.0","MIT",-,-,-,Javascript,-,-,-,
"find-up@4.1.0","MIT",-,-,-,Javascript,-,-,-,
"findup-sync@3.0.0","MIT",-,-,-,Javascript,-,-,-,
"flatted@2.0.2","ISC",-,-,-,Javascript,-,-,-,
"flush-write-stream@1.1.1","MIT",-,-,-,Javascript,-,-,-,
"follow-redirects@1.11.0","MIT",-,-,-,Javascript,-,-,-,
"for-in@1.0.2","MIT",-,-,-,Javascript,-,-,-,
"forever-agent@0.6.1","Apache-2.0",-,-,-,Javascript,-,-,-,
"form-data@2.3.3","MIT",-,-,-,Javascript,-,-,-,
"forwarded@0.1.2","MIT",-,-,-,Javascript,-,-,-,
"fragment-cache@0.2.1","MIT",-,-,-,Javascript,-,-,-,
"fresh@0.5.2","MIT",-,-,-,Javascript,-,-,-,
"from2@2.3.0","MIT",-,-,-,Javascript,-,-,-,
"fs-access@1.0.1","MIT",-,-,-,Javascript,-,-,-,
"fs-extra@7.0.1","MIT",-,-,-,Javascript,-,-,-,
"fs-minipass@1.2.7","ISC",-,-,-,Javascript,-,-,-,
"fs-write-stream-atomic@1.0.10","ISC",-,-,-,Javascript,-,-,-,
"fs.realpath@1.0.0","ISC",-,-,-,Javascript,-,-,-,
"function-bind@1.1.1","MIT",-,-,-,Javascript,-,-,-,
"genfun@5.0.0","MIT",-,-,-,Javascript,-,-,-,
"gensync@1.0.0-beta.1","MIT",-,-,-,Javascript,-,-,-,
"get-caller-file@1.0.3","ISC",-,-,-,Javascript,-,-,-,
"get-caller-file@2.0.5","ISC",-,-,-,Javascript,-,-,-,
"get-stream@4.1.0","MIT",-,-,-,Javascript,-,-,-,
"get-value@2.0.6","MIT",-,-,-,Javascript,-,-,-,
"getpass@0.1.7","MIT",-,-,-,Javascript,-,-,-,
"glob-parent@3.1.0","ISC",-,-,-,Javascript,-,-,-,
"glob-parent@5.1.0","ISC",-,-,-,Javascript,-,-,-,
"glob-parent@5.1.1","ISC",-,-,-,Javascript,-,-,-,
"glob@7.0.6","ISC",-,-,-,Javascript,-,-,-,
"glob@7.1.3","ISC",-,-,-,Javascript,-,-,-,
"glob@7.1.4","ISC",-,-,-,Javascript,-,-,-,
"glob@7.1.6","ISC",-,-,-,Javascript,-,-,-,
"global-modules@1.0.0","MIT",-,-,-,Javascript,-,-,-,
"global-modules@2.0.0","MIT",-,-,-,Javascript,-,-,-,
"global-prefix@1.0.2","MIT",-,-,-,Javascript,-,-,-,
"global-prefix@3.0.0","MIT",-,-,-,Javascript,-,-,-,
"globals@11.12.0","MIT",-,-,-,Javascript,-,-,-,
"globby@5.0.0","MIT",-,-,-,Javascript,-,-,-,
"globby@6.1.0","MIT",-,-,-,Javascript,-,-,-,
"globby@7.1.1","MIT",-,-,-,Javascript,-,-,-,
"graceful-fs@4.2.3","ISC",-,-,-,Javascript,-,-,-,
"handle-thing@2.0.1","MIT",-,-,-,Javascript,-,-,-,
"har-schema@2.0.0","ISC",-,-,-,Javascript,-,-,-,
"har-validator@5.1.3","MIT",-,-,-,Javascript,-,-,-,
"has-ansi@2.0.0","MIT",-,-,-,Javascript,-,-,-,
"has-binary2@1.0.3","MIT",-,-,-,Javascript,-,-,-,
"has-cors@1.1.0","MIT",-,-,-,Javascript,-,-,-,
"has-flag@3.0.0","MIT",-,-,-,Javascript,-,-,-,
"has-flag@4.0.0","MIT",-,-,-,Javascript,-,-,-,
"has-symbols@1.0.1","MIT",-,-,-,Javascript,-,-,-,
"has-value@0.3.1","MIT",-,-,-,Javascript,-,-,-,
"has-value@1.0.0","MIT",-,-,-,Javascript,-,-,-,
"has-values@0.1.4","MIT",-,-,-,Javascript,-,-,-,
"has-values@1.0.0","MIT",-,-,-,Javascript,-,-,-,
"has@1.0.3","MIT",-,-,-,Javascript,-,-,-,
"hash-base@3.1.0","MIT",-,-,-,Javascript,-,-,-,
"hash.js@1.1.7","MIT",-,-,-,Javascript,-,-,-,
"he@1.2.0","MIT",-,-,-,Javascript,-,-,-,
"hmac-drbg@1.0.1","MIT",-,-,-,Javascript,-,-,-,
"homedir-polyfill@1.0.3","MIT",-,-,-,Javascript,-,-,-,
"hosted-git-info@2.8.8","ISC",-,-,-,Javascript,-,-,-,
"hosted-git-info@3.0.4","ISC",-,-,-,Javascript,-,-,-,
"hpack.js@2.1.6","MIT",-,-,-,Javascript,-,-,-,
"html-entities@1.3.1","MIT",-,-,-,Javascript,-,-,-,
"html-escaper@2.0.0","MIT",-,-,-,Javascript,-,-,-,
"html-loader@1.1.0","MIT",-,-,-,Javascript,-,-,-,
"html-minifier-terser@5.1.1","MIT",-,-,-,Javascript,-,-,-,
"html-webpack-plugin@4.3.0","MIT",-,-,-,Javascript,-,-,-,
"htmlparser2@3.10.1","MIT",-,-,-,Javascript,-,-,-,
"htmlparser2@4.1.0","MIT",-,-,-,Javascript,-,-,-,
"http-cache-semantics@3.8.1","BSD-2-Clause",-,-,-,Javascript,-,-,-,
"http-deceiver@1.2.7","MIT",-,-,-,Javascript,-,-,-,
"http-errors@1.6.3","MIT",-,-,-,Javascript,-,-,-,
"http-errors@1.7.2","MIT",-,-,-,Javascript,-,-,-,
"http-proxy-agent@2.1.0","MIT",-,-,-,Javascript,-,-,-,
"http-proxy-middleware@0.19.1","MIT",-,-,-,Javascript,-,-,-,
"http-proxy@1.18.1","MIT",-,-,-,Javascript,-,-,-,
"http-signature@1.2.0","MIT",-,-,-,Javascript,-,-,-,
"https-browserify@1.0.0","MIT",-,-,-,Javascript,-,-,-,
"https-proxy-agent@2.2.4","MIT",-,-,-,Javascript,-,-,-,
"humanize-ms@1.2.1","MIT",-,-,-,Javascript,-,-,-,
"iconv-lite@0.4.24","MIT",-,-,-,Javascript,-,-,-,
"icss-utils@4.1.1","ISC",-,-,-,Javascript,-,-,-,
"ieee754@1.1.13","BSD-3-Clause",-,-,-,Javascript,-,-,-,
"iferr@0.1.5","MIT",-,-,-,Javascript,-,-,-,
"ignore-walk@3.0.3","ISC",-,-,-,Javascript,-,-,-,
"ignore@3.3.10","MIT",-,-,-,Javascript,-,-,-,
"image-size@0.5.5","MIT",-,-,-,Javascript,-,-,-,
"immediate@3.0.6","MIT",-,-,-,Javascript,-,-,-,
"import-cwd@2.1.0","MIT",-,-,-,Javascript,-,-,-,
"import-fresh@2.0.0","MIT",-,-,-,Javascript,-,-,-,
"import-from@2.1.0","MIT",-,-,-,Javascript,-,-,-,
"import-local@2.0.0","MIT",-,-,-,Javascript,-,-,-,
"imurmurhash@0.1.4","MIT",-,-,-,Javascript,-,-,-,
"indexes-of@1.0.1","MIT",-,-,-,Javascript,-,-,-,
"indexof@0.0.1","MIT*",-,-,-,Javascript,-,-,-,
"infer-owner@1.0.4","ISC",-,-,-,Javascript,-,-,-,
"inflight@1.0.6","ISC",-,-,-,Javascript,-,-,-,
"inherits@2.0.1","ISC",-,-,-,Javascript,-,-,-,
"inherits@2.0.3","ISC",-,-,-,Javascript,-,-,-,
"inherits@2.0.4","ISC",-,-,-,Javascript,-,-,-,
"ini@1.3.5","ISC",-,-,-,Javascript,-,-,-,
"inquirer@6.3.1","MIT",-,-,-,Javascript,-,-,-,
"inquirer@7.1.0","MIT",-,-,-,Javascript,-,-,-,
"internal-ip@4.3.0","MIT",-,-,-,Javascript,-,-,-,
"interpret@1.4.0","MIT",-,-,-,Javascript,-,-,-,
"invariant@2.2.4","MIT",-,-,-,Javascript,-,-,-,
"invert-kv@2.0.0","MIT",-,-,-,Javascript,-,-,-,
"ip-regex@2.1.0","MIT",-,-,-,Javascript,-,-,-,
"ip@1.1.5","MIT",-,-,-,Javascript,-,-,-,
"ipaddr.js@1.9.1","MIT",-,-,-,Javascript,-,-,-,
"is-absolute-url@3.0.3","MIT",-,-,-,Javascript,-,-,-,
"is-accessor-descriptor@0.1.6","MIT",-,-,-,Javascript,-,-,-,
"is-accessor-descriptor@1.0.0","MIT",-,-,-,Javascript,-,-,-,
"is-arguments@1.0.4","MIT",-,-,-,Javascript,-,-,-,
"is-arrayish@0.2.1","MIT",-,-,-,Javascript,-,-,-,
"is-binary-path@1.0.1","MIT",-,-,-,Javascript,-,-,-,
"is-binary-path@2.1.0","MIT",-,-,-,Javascript,-,-,-,
"is-buffer@1.1.6","MIT",-,-,-,Javascript,-,-,-,
"is-callable@1.1.5","MIT",-,-,-,Javascript,-,-,-,
"is-data-descriptor@0.1.4","MIT",-,-,-,Javascript,-,-,-,
"is-data-descriptor@1.0.0","MIT",-,-,-,Javascript,-,-,-,
"is-date-object@1.0.2","MIT",-,-,-,Javascript,-,-,-,
"is-descriptor@0.1.6","MIT",-,-,-,Javascript,-,-,-,
"is-descriptor@1.0.2","MIT",-,-,-,Javascript,-,-,-,
"is-directory@0.3.1","MIT",-,-,-,Javascript,-,-,-,
"is-docker@2.0.0","MIT",-,-,-,Javascript,-,-,-,
"is-extendable@0.1.1","MIT",-,-,-,Javascript,-,-,-,
"is-extendable@1.0.1","MIT",-,-,-,Javascript,-,-,-,
"is-extglob@2.1.1","MIT",-,-,-,Javascript,-,-,-,
"is-fullwidth-code-point@1.0.0","MIT",-,-,-,Javascript,-,-,-,
"is-fullwidth-code-point@2.0.0","MIT",-,-,-,Javascript,-,-,-,
"is-fullwidth-code-point@3.0.0","MIT",-,-,-,Javascript,-,-,-,
"is-glob@3.1.0","MIT",-,-,-,Javascript,-,-,-,
"is-glob@4.0.1","MIT",-,-,-,Javascript,-,-,-,
"is-interactive@1.0.0","MIT",-,-,-,Javascript,-,-,-,
"is-number@3.0.0","MIT",-,-,-,Javascript,-,-,-,
"is-number@7.0.0","MIT",-,-,-,Javascript,-,-,-,
"is-path-cwd@1.0.0","MIT",-,-,-,Javascript,-,-,-,
"is-path-cwd@2.2.0","MIT",-,-,-,Javascript,-,-,-,
"is-path-in-cwd@1.0.1","MIT",-,-,-,Javascript,-,-,-,
"is-path-in-cwd@2.1.0","MIT",-,-,-,Javascript,-,-,-,
"is-path-inside@1.0.1","MIT",-,-,-,Javascript,-,-,-,
"is-path-inside@2.1.0","MIT",-,-,-,Javascript,-,-,-,
"is-plain-obj@1.1.0","MIT",-,-,-,Javascript,-,-,-,
"is-plain-object@2.0.4","MIT",-,-,-,Javascript,-,-,-,
"is-promise@2.1.0","MIT",-,-,-,Javascript,-,-,-,
"is-regex@1.0.5","MIT",-,-,-,Javascript,-,-,-,
"is-stream@1.1.0","MIT",-,-,-,Javascript,-,-,-,
"is-symbol@1.0.3","MIT",-,-,-,Javascript,-,-,-,
"is-typedarray@1.0.0","MIT",-,-,-,Javascript,-,-,-,
"is-windows@1.0.2","MIT",-,-,-,Javascript,-,-,-,
"is-wsl@1.1.0","MIT",-,-,-,Javascript,-,-,-,
"is-wsl@2.2.0","MIT",-,-,-,Javascript,-,-,-,
"isarray@1.0.0","MIT",-,-,-,Javascript,-,-,-,
"isarray@2.0.1","MIT",-,-,-,Javascript,-,-,-,
"isbinaryfile@3.0.3","MIT",-,-,-,Javascript,-,-,-,
"isexe@2.0.0","ISC",-,-,-,Javascript,-,-,-,
"isobject@2.1.0","MIT",-,-,-,Javascript,-,-,-,
"isobject@3.0.1","MIT",-,-,-,Javascript,-,-,-,
"isstream@0.1.2","MIT",-,-,-,Javascript,-,-,-,
"istanbul-api@2.1.6","BSD-3-Clause",-,-,-,Javascript,-,-,-,
"istanbul-lib-coverage@2.0.5","BSD-3-Clause",-,-,-,Javascript,-,-,-,
"istanbul-lib-coverage@3.0.0","BSD-3-Clause",-,-,-,Javascript,-,-,-,
"istanbul-lib-hook@2.0.7","BSD-3-Clause",-,-,-,Javascript,-,-,-,
"istanbul-lib-instrument@3.3.0","BSD-3-Clause",-,-,-,Javascript,-,-,-,
"istanbul-lib-instrument@4.0.1","BSD-3-Clause",-,-,-,Javascript,-,-,-,
"istanbul-lib-report@2.0.8","BSD-3-Clause",-,-,-,Javascript,-,-,-,
"istanbul-lib-source-maps@3.0.6","BSD-3-Clause",-,-,-,Javascript,-,-,-,
"istanbul-reports@2.2.7","BSD-3-Clause",-,-,-,Javascript,-,-,-,
"jasmine-core@2.8.0","MIT",-,-,-,Javascript,-,-,-,
"jasmine-core@3.4.0","MIT",-,-,-,Javascript,-,-,-,
"jasmine-spec-reporter@4.2.1","Apache-2.0",-,-,-,Javascript,-,-,-,
"jasmine@2.8.0","MIT",-,-,-,Javascript,-,-,-,
"jasminewd2@2.2.0","MIT",-,-,-,Javascript,-,-,-,
"jest-worker@24.9.0","MIT",-,-,-,Javascript,-,-,-,
"jquery@3.5.1","MIT",-,-,-,Javascript,-,-,-,
"js-tokens@3.0.2","MIT",-,-,-,Javascript,-,-,-,
"js-tokens@4.0.0","MIT",-,-,-,Javascript,-,-,-,
"js-yaml@3.13.1","MIT",-,-,-,Javascript,-,-,-,
"jsbn@0.1.1","MIT",-,-,-,Javascript,-,-,-,
"jsesc@0.5.0","MIT",-,-,-,Javascript,-,-,-,
"jsesc@2.5.2","MIT",-,-,-,Javascript,-,-,-,
"json-parse-better-errors@1.0.2","MIT",-,-,-,Javascript,-,-,-,
"json-schema-traverse@0.4.1","MIT",-,-,-,Javascript,-,-,-,
"json-schema@0.2.3","AFLv2.1BSD",-,-,-,Javascript,-,-,-,
"json-stringify-safe@5.0.1","ISC",-,-,-,Javascript,-,-,-,
"json3@3.3.3","MIT",-,-,-,Javascript,-,-,-,
"json5@0.5.1","MIT",-,-,-,Javascript,-,-,-,
"json5@1.0.1","MIT",-,-,-,Javascript,-,-,-,
"json5@2.1.2","MIT",-,-,-,Javascript,-,-,-,
"json5@2.1.3","MIT",-,-,-,Javascript,-,-,-,
"jsonfile@4.0.0","MIT",-,-,-,Javascript,-,-,-,
"jsonparse@1.3.1","MIT",-,-,-,Javascript,-,-,-,
"jsprim@1.4.1","MIT",-,-,-,Javascript,-,-,-,
"jszip@3.4.0","(MIT OR GPL-3.0)",-,-,-,Javascript,-,-,-,
"karma-chrome-launcher@2.2.0","MIT",-,-,-,Javascript,-,-,-,
"karma-coverage-istanbul-reporter@2.0.6","MIT",-,-,-,Javascript,-,-,-,
"karma-jasmine-html-reporter@1.5.4","MIT",-,-,-,Javascript,-,-,-,
"karma-jasmine@2.0.1","MIT",-,-,-,Javascript,-,-,-,
"karma-source-map-support@1.4.0","MIT",-,-,-,Javascript,-,-,-,
"karma@4.4.1","MIT",-,-,-,Javascript,-,-,-,
"killable@1.0.1","ISC",-,-,-,Javascript,-,-,-,
"kind-of@3.2.2","MIT",-,-,-,Javascript,-,-,-,
"kind-of@4.0.0","MIT",-,-,-,Javascript,-,-,-,
"kind-of@5.1.0","MIT",-,-,-,Javascript,-,-,-,
"kind-of@6.0.3","MIT",-,-,-,Javascript,-,-,-,
"lcid@2.0.0","MIT",-,-,-,Javascript,-,-,-,
"less-loader@5.0.0","MIT",-,-,-,Javascript,-,-,-,
"less@3.9.0","Apache-2.0",-,-,-,Javascript,-,-,-,
"leven@3.1.0","MIT",-,-,-,Javascript,-,-,-,
"levenary@1.1.1","MIT",-,-,-,Javascript,-,-,-,
"license-webpack-plugin@2.1.2","ISC",-,-,-,Javascript,-,-,-,
"lie@3.3.0","MIT",-,-,-,Javascript,-,-,-,
"loader-runner@2.4.0","MIT",-,-,-,Javascript,-,-,-,
"loader-utils@0.2.17","MIT",-,-,-,Javascript,-,-,-,
"loader-utils@1.2.3","MIT",-,-,-,Javascript,-,-,-,
"loader-utils@1.4.0","MIT",-,-,-,Javascript,-,-,-,
"loader-utils@2.0.0","MIT",-,-,-,Javascript,-,-,-,
"locate-path@3.0.0","MIT",-,-,-,Javascript,-,-,-,
"locate-path@5.0.0","MIT",-,-,-,Javascript,-,-,-,
"lodash.clonedeep@4.5.0","MIT",-,-,-,Javascript,-,-,-,
"lodash@4.17.15","MIT",-,-,-,Javascript,-,-,-,
"log-symbols@3.0.0","MIT",-,-,-,Javascript,-,-,-,
"log4js@4.5.1","Apache-2.0",-,-,-,Javascript,-,-,-,
"loglevel@1.6.8","MIT",-,-,-,Javascript,-,-,-,
"loose-envify@1.4.0","MIT",-,-,-,Javascript,-,-,-,
"lower-case@2.0.1","MIT",-,-,-,Javascript,-,-,-,
"lru-cache@4.1.5","ISC",-,-,-,Javascript,-,-,-,
"lru-cache@5.1.1","ISC",-,-,-,Javascript,-,-,-,
"magic-string@0.25.2","MIT",-,-,-,Javascript,-,-,-,
"magic-string@0.25.3","MIT",-,-,-,Javascript,-,-,-,
"magic-string@0.25.7","MIT",-,-,-,Javascript,-,-,-,
"make-dir@2.1.0","MIT",-,-,-,Javascript,-,-,-,
"make-dir@3.1.0","MIT",-,-,-,Javascript,-,-,-,
"make-error@1.3.6","ISC",-,-,-,Javascript,-,-,-,
"make-fetch-happen@4.0.2","ISC",-,-,-,Javascript,-,-,-,
"make-fetch-happen@5.0.2","ISC",-,-,-,Javascript,-,-,-,
"mamacro@0.0.3","MIT",-,-,-,Javascript,-,-,-,
"map-age-cleaner@0.1.3","MIT",-,-,-,Javascript,-,-,-,
"map-cache@0.2.2","MIT",-,-,-,Javascript,-,-,-,
"map-visit@1.0.0","MIT",-,-,-,Javascript,-,-,-,
"md5.js@1.3.5","MIT",-,-,-,Javascript,-,-,-,
"media-typer@0.3.0","MIT",-,-,-,Javascript,-,-,-,
"mem@4.3.0","MIT",-,-,-,Javascript,-,-,-,
"memory-fs@0.4.1","MIT",-,-,-,Javascript,-,-,-,
"memory-fs@0.5.0","MIT",-,-,-,Javascript,-,-,-,
"merge-descriptors@1.0.1","MIT",-,-,-,Javascript,-,-,-,
"merge-source-map@1.1.0","MIT",-,-,-,Javascript,-,-,-,
"merge-stream@2.0.0","MIT",-,-,-,Javascript,-,-,-,
"methods@1.1.2","MIT",-,-,-,Javascript,-,-,-,
"micromatch@3.1.10","MIT",-,-,-,Javascript,-,-,-,
"micromatch@4.0.2","MIT",-,-,-,Javascript,-,-,-,
"miller-rabin@4.0.1","MIT",-,-,-,Javascript,-,-,-,
"mime-db@1.43.0","MIT",-,-,-,Javascript,-,-,-,
"mime-types@2.1.26","MIT",-,-,-,Javascript,-,-,-,
"mime@1.6.0","MIT",-,-,-,Javascript,-,-,-,
"mime@2.4.4","MIT",-,-,-,Javascript,-,-,-,
"mime@2.4.6","MIT",-,-,-,Javascript,-,-,-,
"mimic-fn@1.2.0","MIT",-,-,-,Javascript,-,-,-,
"mimic-fn@2.1.0","MIT",-,-,-,Javascript,-,-,-,
"mini-css-extract-plugin@0.8.0","MIT",-,-,-,Javascript,-,-,-,
"minimalistic-assert@1.0.1","ISC",-,-,-,Javascript,-,-,-,
"minimalistic-crypto-utils@1.0.1","MIT",-,-,-,Javascript,-,-,-,
"minimatch@3.0.4","ISC",-,-,-,Javascript,-,-,-,
"minimist@0.0.10","MIT",-,-,-,Javascript,-,-,-,
"minimist@1.2.5","MIT",-,-,-,Javascript,-,-,-,
"minipass@2.9.0","ISC",-,-,-,Javascript,-,-,-,
"minizlib@1.3.3","MIT",-,-,-,Javascript,-,-,-,
"mississippi@3.0.0","BSD-2-Clause",-,-,-,Javascript,-,-,-,
"mixin-deep@1.3.2","MIT",-,-,-,Javascript,-,-,-,
"mkdirp@0.5.3","MIT",-,-,-,Javascript,-,-,-,
"moment@2.18.1","MIT",-,-,-,Javascript,-,-,-,
"move-concurrently@1.0.1","ISC",-,-,-,Javascript,-,-,-,
"ms@2.0.0","MIT",-,-,-,Javascript,-,-,-,
"ms@2.1.1","MIT",-,-,-,Javascript,-,-,-,
"ms@2.1.2","MIT",-,-,-,Javascript,-,-,-,
"multicast-dns-service-types@1.1.0","MIT",-,-,-,Javascript,-,-,-,
"multicast-dns@6.2.3","MIT",-,-,-,Javascript,-,-,-,
"mute-stream@0.0.7","ISC",-,-,-,Javascript,-,-,-,
"mute-stream@0.0.8","ISC",-,-,-,Javascript,-,-,-,
"nanomatch@1.2.13","MIT",-,-,-,Javascript,-,-,-,
"negotiator@0.6.2","MIT",-,-,-,Javascript,-,-,-,
"neo-async@2.6.1","MIT",-,-,-,Javascript,-,-,-,
"ng-bootstrap@1.6.3","MIT",-,-,-,Javascript,-,-,-,
"ngx-cookie-service@3.1.3","MIT",-,-,-,Javascript,-,-,-,
"ngx-loading@8.0.0","MIT",-,-,-,Javascript,-,-,-,
"nice-try@1.0.5","MIT",-,-,-,Javascript,-,-,-,
"no-case@3.0.3","MIT",-,-,-,Javascript,-,-,-,
"node-fetch-npm@2.0.3","MIT",-,-,-,Javascript,-,-,-,
"node-forge@0.9.0","(BSD-3-Clause OR GPL-2.0)",-,-,-,Javascript,-,-,-,
"node-libs-browser@2.2.1","MIT",-,-,-,Javascript,-,-,-,
"node-releases@1.1.52","MIT",-,-,-,Javascript,-,-,-,
"normalize-package-data@2.5.0","BSD-2-Clause",-,-,-,Javascript,-,-,-,
"normalize-path@2.1.1","MIT",-,-,-,Javascript,-,-,-,
"normalize-path@3.0.0","MIT",-,-,-,Javascript,-,-,-,
"normalize-range@0.1.2","MIT",-,-,-,Javascript,-,-,-,
"normalize-url@1.9.1","MIT",-,-,-,Javascript,-,-,-,
"npm-bundled@1.1.1","ISC",-,-,-,Javascript,-,-,-,
"npm-install-checks@4.0.0","BSD-2-Clause",-,-,-,Javascript,-,-,-,
"npm-normalize-package-bin@1.0.1","ISC",-,-,-,Javascript,-,-,-,
"npm-package-arg@6.1.0","ISC",-,-,-,Javascript,-,-,-,
"npm-package-arg@6.1.1","ISC",-,-,-,Javascript,-,-,-,
"npm-package-arg@8.0.1","ISC",-,-,-,Javascript,-,-,-,
"npm-packlist@1.4.8","ISC",-,-,-,Javascript,-,-,-,
"npm-pick-manifest@2.2.3","ISC",-,-,-,Javascript,-,-,-,
"npm-pick-manifest@3.0.2","ISC",-,-,-,Javascript,-,-,-,
"npm-pick-manifest@6.0.0","ISC",-,-,-,Javascript,-,-,-,
"npm-registry-fetch@3.9.1","ISC",-,-,-,Javascript,-,-,-,
"npm-registry-fetch@4.0.4","ISC",-,-,-,Javascript,-,-,-,
"npm-run-path@2.0.2","MIT",-,-,-,Javascript,-,-,-,
"nth-check@1.0.2","BSD-2-Clause",-,-,-,Javascript,-,-,-,
"null-check@1.0.0","MIT",-,-,-,Javascript,-,-,-,
"num2fraction@1.2.2","MIT",-,-,-,Javascript,-,-,-,
"number-is-nan@1.0.1","MIT",-,-,-,Javascript,-,-,-,
"oauth-sign@0.9.0","Apache-2.0",-,-,-,Javascript,-,-,-,
"object-assign@4.1.1","MIT",-,-,-,Javascript,-,-,-,
"object-component@0.0.3","MIT*",-,-,-,Javascript,-,-,-,
"object-copy@0.1.0","MIT",-,-,-,Javascript,-,-,-,
"object-inspect@1.7.0","MIT",-,-,-,Javascript,-,-,-,
"object-is@1.1.2","MIT",-,-,-,Javascript,-,-,-,
"object-keys@1.1.1","MIT",-,-,-,Javascript,-,-,-,
"object-visit@1.0.1","MIT",-,-,-,Javascript,-,-,-,
"object.assign@4.1.0","MIT",-,-,-,Javascript,-,-,-,
"object.getownpropertydescriptors@2.1.0","MIT",-,-,-,Javascript,-,-,-,
"object.pick@1.3.0","MIT",-,-,-,Javascript,-,-,-,
"obuf@1.1.2","MIT",-,-,-,Javascript,-,-,-,
"on-finished@2.3.0","MIT",-,-,-,Javascript,-,-,-,
"on-headers@1.0.2","MIT",-,-,-,Javascript,-,-,-,
"once@1.4.0","ISC",-,-,-,Javascript,-,-,-,
"onetime@2.0.1","MIT",-,-,-,Javascript,-,-,-,
"onetime@5.1.0","MIT",-,-,-,Javascript,-,-,-,
"open@6.2.0","MIT",-,-,-,Javascript,-,-,-,
"open@6.4.0","MIT",-,-,-,Javascript,-,-,-,
"open@7.0.3","MIT",-,-,-,Javascript,-,-,-,
"opn@5.5.0","MIT",-,-,-,Javascript,-,-,-,
"optimist@0.6.1","MIT*",-,-,-,Javascript,-,-,-,
"ora@4.0.3","MIT",-,-,-,Javascript,-,-,-,
"original@1.0.2","MIT",-,-,-,Javascript,-,-,-,
"os-browserify@0.3.0","MIT",-,-,-,Javascript,-,-,-,
"os-homedir@1.0.2","MIT",-,-,-,Javascript,-,-,-,
"os-locale@3.1.0","MIT",-,-,-,Javascript,-,-,-,
"os-tmpdir@1.0.2","MIT",-,-,-,Javascript,-,-,-,
"osenv@0.1.5","ISC",-,-,-,Javascript,-,-,-,
"p-defer@1.0.0","MIT",-,-,-,Javascript,-,-,-,
"p-finally@1.0.0","MIT",-,-,-,Javascript,-,-,-,
"p-is-promise@2.1.0","MIT",-,-,-,Javascript,-,-,-,
"p-limit@2.2.2","MIT",-,-,-,Javascript,-,-,-,
"p-locate@3.0.0","MIT",-,-,-,Javascript,-,-,-,
"p-locate@4.1.0","MIT",-,-,-,Javascript,-,-,-,
"p-map@2.1.0","MIT",-,-,-,Javascript,-,-,-,
"p-retry@3.0.1","MIT",-,-,-,Javascript,-,-,-,
"p-try@2.2.0","MIT",-,-,-,Javascript,-,-,-,
"pacote@9.5.0","MIT",-,-,-,Javascript,-,-,-,
"pacote@9.5.12","MIT",-,-,-,Javascript,-,-,-,
"pako@1.0.11","(MIT AND Zlib)",-,-,-,Javascript,-,-,-,
"parallel-transform@1.2.0","MIT",-,-,-,Javascript,-,-,-,
"param-case@3.0.3","MIT",-,-,-,Javascript,-,-,-,
"parse-asn1@5.1.5","ISC",-,-,-,Javascript,-,-,-,
"parse-json@4.0.0","MIT",-,-,-,Javascript,-,-,-,
"parse-passwd@1.0.0","MIT",-,-,-,Javascript,-,-,-,
"parse-srcset@1.0.2","MIT",-,-,-,Javascript,-,-,-,
"parse5@4.0.0","MIT",-,-,-,Javascript,-,-,-,
"parseqs@0.0.5","MIT",-,-,-,Javascript,-,-,-,
"parseuri@0.0.5","MIT",-,-,-,Javascript,-,-,-,
"parseurl@1.3.3","MIT",-,-,-,Javascript,-,-,-,
"pascal-case@3.1.1","MIT",-,-,-,Javascript,-,-,-,
"pascalcase@0.1.1","MIT",-,-,-,Javascript,-,-,-,
"path-browserify@0.0.1","MIT",-,-,-,Javascript,-,-,-,
"path-dirname@1.0.2","MIT",-,-,-,Javascript,-,-,-,
"path-exists@3.0.0","MIT",-,-,-,Javascript,-,-,-,
"path-exists@4.0.0","MIT",-,-,-,Javascript,-,-,-,
"path-is-absolute@1.0.1","MIT",-,-,-,Javascript,-,-,-,
"path-is-inside@1.0.2","(WTFPL OR MIT)",-,-,-,Javascript,-,-,-,
"path-key@2.0.1","MIT",-,-,-,Javascript,-,-,-,
"path-parse@1.0.6","MIT",-,-,-,Javascript,-,-,-,
"path-to-regexp@0.1.7","MIT",-,-,-,Javascript,-,-,-,
"path-type@3.0.0","MIT",-,-,-,Javascript,-,-,-,
"pbkdf2@3.1.1","MIT",-,-,-,Javascript,-,-,-,
"performance-now@2.1.0","MIT",-,-,-,Javascript,-,-,-,
"picomatch@2.2.1","MIT",-,-,-,Javascript,-,-,-,
"pify@2.3.0","MIT",-,-,-,Javascript,-,-,-,
"pify@3.0.0","MIT",-,-,-,Javascript,-,-,-,
"pify@4.0.1","MIT",-,-,-,Javascript,-,-,-,
"pinkie-promise@2.0.1","MIT",-,-,-,Javascript,-,-,-,
"pinkie@2.0.4","MIT",-,-,-,Javascript,-,-,-,
"pkg-dir@3.0.0","MIT",-,-,-,Javascript,-,-,-,
"pkg-dir@4.2.0","MIT",-,-,-,Javascript,-,-,-,
"pkg-up@3.1.0","MIT",-,-,-,Javascript,-,-,-,
"popper.js@1.16.1","MIT",-,-,-,Javascript,-,-,-,
"portfinder@1.0.26","MIT",-,-,-,Javascript,-,-,-,
"posix-character-classes@0.1.1","MIT",-,-,-,Javascript,-,-,-,
"postcss-import@12.0.1","MIT",-,-,-,Javascript,-,-,-,
"postcss-load-config@2.1.0","MIT",-,-,-,Javascript,-,-,-,
"postcss-loader@3.0.0","MIT",-,-,-,Javascript,-,-,-,
"postcss-modules-extract-imports@2.0.0","ISC",-,-,-,Javascript,-,-,-,
"postcss-modules-local-by-default@3.0.2","MIT",-,-,-,Javascript,-,-,-,
"postcss-modules-scope@2.2.0","ISC",-,-,-,Javascript,-,-,-,
"postcss-modules-values@3.0.0","ISC",-,-,-,Javascript,-,-,-,
"postcss-selector-parser@6.0.2","MIT",-,-,-,Javascript,-,-,-,
"postcss-value-parser@3.3.1","MIT",-,-,-,Javascript,-,-,-,
"postcss-value-parser@4.2.0","MIT",-,-,-,Javascript,-,-,-,
"postcss@7.0.17","MIT",-,-,-,Javascript,-,-,-,
"postcss@7.0.32","MIT",-,-,-,Javascript,-,-,-,
"prepend-http@1.0.4","MIT",-,-,-,Javascript,-,-,-,
"pretty-error@2.1.1","MIT",-,-,-,Javascript,-,-,-,
"private@0.1.8","MIT",-,-,-,Javascript,-,-,-,
"process-nextick-args@2.0.1","MIT",-,-,-,Javascript,-,-,-,
"process@0.11.10","MIT",-,-,-,Javascript,-,-,-,
"promise-inflight@1.0.1","ISC",-,-,-,Javascript,-,-,-,
"promise-retry@1.1.1","MIT",-,-,-,Javascript,-,-,-,
"promise@7.3.1","MIT",-,-,-,Javascript,-,-,-,
"protoduck@5.0.1","MIT",-,-,-,Javascript,-,-,-,
"protractor@5.4.4","MIT",-,-,-,Javascript,-,-,-,
"proxy-addr@2.0.6","MIT",-,-,-,Javascript,-,-,-,
"prr@1.0.1","MIT",-,-,-,Javascript,-,-,-,
"pseudomap@1.0.2","ISC",-,-,-,Javascript,-,-,-,
"psl@1.7.0","MIT",-,-,-,Javascript,-,-,-,
"public-encrypt@4.0.3","MIT",-,-,-,Javascript,-,-,-,
"pump@2.0.1","MIT",-,-,-,Javascript,-,-,-,
"pump@3.0.0","MIT",-,-,-,Javascript,-,-,-,
"pumpify@1.5.1","MIT",-,-,-,Javascript,-,-,-,
"punycode@1.3.2","MIT",-,-,-,Javascript,-,-,-,
"punycode@1.4.1","MIT",-,-,-,Javascript,-,-,-,
"punycode@2.1.1","MIT",-,-,-,Javascript,-,-,-,
"q@1.4.1","MIT",-,-,-,Javascript,-,-,-,
"qjobs@1.2.0","MIT",-,-,-,Javascript,-,-,-,
"qs@6.5.2","BSD-3-Clause",-,-,-,Javascript,-,-,-,
"qs@6.7.0","BSD-3-Clause",-,-,-,Javascript,-,-,-,
"query-string@4.3.4","MIT",-,-,-,Javascript,-,-,-,
"querystring-es3@0.2.1","MIT",-,-,-,Javascript,-,-,-,
"querystring@0.2.0","MIT",-,-,-,Javascript,-,-,-,
"querystringify@2.1.1","MIT",-,-,-,Javascript,-,-,-,
"randombytes@2.1.0","MIT",-,-,-,Javascript,-,-,-,
"randomfill@1.0.4","MIT",-,-,-,Javascript,-,-,-,
"range-parser@1.2.1","MIT",-,-,-,Javascript,-,-,-,
"raw-body@2.4.0","MIT",-,-,-,Javascript,-,-,-,
"raw-loader@3.1.0","MIT",-,-,-,Javascript,-,-,-,
"read-cache@1.0.0","MIT",-,-,-,Javascript,-,-,-,
"read-package-json@2.1.1","ISC",-,-,-,Javascript,-,-,-,
"read-package-tree@5.2.2","ISC",-,-,-,Javascript,-,-,-,
"read-package-tree@5.3.1","ISC",-,-,-,Javascript,-,-,-,
"readable-stream@2.3.7","MIT",-,-,-,Javascript,-,-,-,
"readable-stream@3.6.0","MIT",-,-,-,Javascript,-,-,-,
"readdir-scoped-modules@1.1.0","ISC",-,-,-,Javascript,-,-,-,
"readdirp@2.2.1","MIT",-,-,-,Javascript,-,-,-,
"readdirp@3.3.0","MIT",-,-,-,Javascript,-,-,-,
"readdirp@3.4.0","MIT",-,-,-,Javascript,-,-,-,
"rechoir@0.6.2","MIT",-,-,-,Javascript,-,-,-,
"reflect-metadata@0.1.13","Apache-2.0",-,-,-,Javascript,-,-,-,
"regenerate-unicode-properties@8.2.0","MIT",-,-,-,Javascript,-,-,-,
"regenerate@1.4.0","MIT",-,-,-,Javascript,-,-,-,
"regenerator-runtime@0.13.3","MIT",-,-,-,Javascript,-,-,-,
"regenerator-runtime@0.13.5","MIT",-,-,-,Javascript,-,-,-,
"regenerator-transform@0.14.4","MIT",-,-,-,Javascript,-,-,-,
"regex-not@1.0.2","MIT",-,-,-,Javascript,-,-,-,
"regexp.prototype.flags@1.3.0","MIT",-,-,-,Javascript,-,-,-,
"regexpu-core@4.7.0","MIT",-,-,-,Javascript,-,-,-,
"regjsgen@0.5.1","MIT",-,-,-,Javascript,-,-,-,
"regjsparser@0.6.4","BSD-2-Clause",-,-,-,Javascript,-,-,-,
"relateurl@0.2.7","MIT",-,-,-,Javascript,-,-,-,
"remove-trailing-separator@1.1.0","ISC",-,-,-,Javascript,-,-,-,
"renderkid@2.0.3","MIT",-,-,-,Javascript,-,-,-,
"repeat-element@1.1.3","MIT",-,-,-,Javascript,-,-,-,
"repeat-string@1.6.1","MIT",-,-,-,Javascript,-,-,-,
"request@2.88.2","Apache-2.0",-,-,-,Javascript,-,-,-,
"require-directory@2.1.1","MIT",-,-,-,Javascript,-,-,-,
"require-main-filename@1.0.1","ISC",-,-,-,Javascript,-,-,-,
"require-main-filename@2.0.0","ISC",-,-,-,Javascript,-,-,-,
"requires-port@1.0.0","MIT",-,-,-,Javascript,-,-,-,
"resolve-cwd@2.0.0","MIT",-,-,-,Javascript,-,-,-,
"resolve-dir@1.0.1","MIT",-,-,-,Javascript,-,-,-,
"resolve-from@3.0.0","MIT",-,-,-,Javascript,-,-,-,
"resolve-url@0.2.1","MIT",-,-,-,Javascript,-,-,-,
"resolve@1.15.1","MIT",-,-,-,Javascript,-,-,-,
"restore-cursor@2.0.0","MIT",-,-,-,Javascript,-,-,-,
"restore-cursor@3.1.0","MIT",-,-,-,Javascript,-,-,-,
"ret@0.1.15","MIT",-,-,-,Javascript,-,-,-,
"retry@0.10.1","MIT",-,-,-,Javascript,-,-,-,
"retry@0.12.0","MIT",-,-,-,Javascript,-,-,-,
"rfdc@1.1.4","MIT",-,-,-,Javascript,-,-,-,
"rimraf@2.7.1","ISC",-,-,-,Javascript,-,-,-,
"rimraf@3.0.2","ISC",-,-,-,Javascript,-,-,-,
"ripemd160@2.0.2","MIT",-,-,-,Javascript,-,-,-,
"run-async@2.4.0","MIT",-,-,-,Javascript,-,-,-,
"run-queue@1.0.3","ISC",-,-,-,Javascript,-,-,-,
"rxjs@6.4.0","Apache-2.0",-,-,-,Javascript,-,-,-,
"rxjs@6.5.4","Apache-2.0",-,-,-,Javascript,-,-,-,
"rxjs@6.6.7","Apache-2.0",-,-,-,Javascript,-,-,-,
"safe-buffer@5.1.2","MIT",-,-,-,Javascript,-,-,-,
"safe-buffer@5.2.1","MIT",-,-,-,Javascript,-,-,-,
"safe-regex@1.1.0","MIT",-,-,-,Javascript,-,-,-,
"safer-buffer@2.1.2","MIT",-,-,-,Javascript,-,-,-,
"sass-loader@7.2.0","MIT",-,-,-,Javascript,-,-,-,
"sass@1.22.9","MIT",-,-,-,Javascript,-,-,-,
"saucelabs@1.5.0","MIT*",-,-,-,Javascript,-,-,-,
"save-dev@0.0.1-security","UNKNOWN",-,-,-,Javascript,-,-,-,
"sax@0.5.8","BSD*",-,-,-,Javascript,-,-,-,
"sax@1.2.4","ISC",-,-,-,Javascript,-,-,-,
"scerevwcl@0.0.0","UNLICENSED",-,-,-,Javascript,-,-,-,
"schema-utils@1.0.0","MIT",-,-,-,Javascript,-,-,-,
"schema-utils@2.7.0","MIT",-,-,-,Javascript,-,-,-,
"select-hose@2.0.0","MIT",-,-,-,Javascript,-,-,-,
"selenium-webdriver@3.6.0","Apache-2.0",-,-,-,Javascript,-,-,-,
"selfsigned@1.10.7","MIT",-,-,-,Javascript,-,-,-,
"semver-dsl@1.0.1","MIT",-,-,-,Javascript,-,-,-,
"semver-intersect@1.4.0","MIT",-,-,-,Javascript,-,-,-,
"semver@5.7.1","ISC",-,-,-,Javascript,-,-,-,
"semver@6.0.0","ISC",-,-,-,Javascript,-,-,-,
"semver@6.3.0","ISC",-,-,-,Javascript,-,-,-,
"semver@7.0.0","ISC",-,-,-,Javascript,-,-,-,
"semver@7.1.3","ISC",-,-,-,Javascript,-,-,-,
"semver@7.3.2","ISC",-,-,-,Javascript,-,-,-,
"send@0.17.1","MIT",-,-,-,Javascript,-,-,-,
"serialize-javascript@2.1.2","BSD-3-Clause",-,-,-,Javascript,-,-,-,
"serve-index@1.9.1","MIT",-,-,-,Javascript,-,-,-,
"serve-static@1.14.1","MIT",-,-,-,Javascript,-,-,-,
"set-blocking@2.0.0","ISC",-,-,-,Javascript,-,-,-,
"set-immediate-shim@1.0.1","MIT",-,-,-,Javascript,-,-,-,
"set-value@2.0.1","MIT",-,-,-,Javascript,-,-,-,
"setimmediate@1.0.5","MIT",-,-,-,Javascript,-,-,-,
"setprototypeof@1.1.0","ISC",-,-,-,Javascript,-,-,-,
"setprototypeof@1.1.1","ISC",-,-,-,Javascript,-,-,-,
"sha.js@2.4.11","(MIT AND BSD-3-Clause)",-,-,-,Javascript,-,-,-,
"shallow-clone@3.0.1","MIT",-,-,-,Javascript,-,-,-,
"shebang-command@1.2.0","MIT",-,-,-,Javascript,-,-,-,
"shebang-regex@1.0.0","MIT",-,-,-,Javascript,-,-,-,
"shelljs@0.8.3","BSD-3-Clause",-,-,-,Javascript,-,-,-,
"signal-exit@3.0.2","ISC",-,-,-,Javascript,-,-,-,
"slash@1.0.0","MIT",-,-,-,Javascript,-,-,-,
"smart-buffer@4.1.0","MIT",-,-,-,Javascript,-,-,-,
"snapdragon-node@2.1.1","MIT",-,-,-,Javascript,-,-,-,
"snapdragon-util@3.0.1","MIT",-,-,-,Javascript,-,-,-,
"snapdragon@0.8.2","MIT",-,-,-,Javascript,-,-,-,
"socket.io-adapter@1.1.2","MIT",-,-,-,Javascript,-,-,-,
"socket.io-client@2.1.1","MIT",-,-,-,Javascript,-,-,-,
"socket.io-parser@3.2.0","MIT",-,-,-,Javascript,-,-,-,
"socket.io@2.1.1","MIT",-,-,-,Javascript,-,-,-,
"sockjs-client@1.4.0","MIT",-,-,-,Javascript,-,-,-,
"sockjs@0.3.19","MIT",-,-,-,Javascript,-,-,-,
"sockjs@0.3.20","MIT",-,-,-,Javascript,-,-,-,
"socks-proxy-agent@4.0.2","MIT",-,-,-,Javascript,-,-,-,
"socks@2.3.3","MIT",-,-,-,Javascript,-,-,-,
"sort-keys@1.1.2","MIT",-,-,-,Javascript,-,-,-,
"source-list-map@0.1.8","MIT",-,-,-,Javascript,-,-,-,
"source-list-map@2.0.1","MIT",-,-,-,Javascript,-,-,-,
"source-map-loader@0.2.4","MIT",-,-,-,Javascript,-,-,-,
"source-map-resolve@0.5.3","MIT",-,-,-,Javascript,-,-,-,
"source-map-support@0.4.18","MIT",-,-,-,Javascript,-,-,-,
"source-map-support@0.5.12","MIT",-,-,-,Javascript,-,-,-,
"source-map-support@0.5.13","MIT",-,-,-,Javascript,-,-,-,
"source-map-support@0.5.19","MIT",-,-,-,Javascript,-,-,-,
"source-map-url@0.4.0","MIT",-,-,-,Javascript,-,-,-,
"source-map@0.1.43","BSD",-,-,-,Javascript,-,-,-,
"source-map@0.4.4","BSD-3-Clause",-,-,-,Javascript,-,-,-,
"source-map@0.5.7","BSD-3-Clause",-,-,-,Javascript,-,-,-,
"source-map@0.6.1","BSD-3-Clause",-,-,-,Javascript,-,-,-,
"source-map@0.7.3","BSD-3-Clause",-,-,-,Javascript,-,-,-,
"sourcemap-codec@1.4.8","MIT",-,-,-,Javascript,-,-,-,
"spdx-correct@3.1.0","Apache-2.0",-,-,-,Javascript,-,-,-,
"spdx-exceptions@2.2.0","CC-BY-3.0",-,-,-,Javascript,-,-,-,
"spdx-expression-parse@3.0.0","MIT",-,-,-,Javascript,-,-,-,
"spdx-license-ids@3.0.5","CC0-1.0",-,-,-,Javascript,-,-,-,
"spdy-transport@3.0.0","MIT",-,-,-,Javascript,-,-,-,
"spdy@4.0.2","MIT",-,-,-,Javascript,-,-,-,
"speed-measure-webpack-plugin@1.3.1","MIT",-,-,-,Javascript,-,-,-,
"split-string@3.1.0","MIT",-,-,-,Javascript,-,-,-,
"sprintf-js@1.0.3","BSD-3-Clause",-,-,-,Javascript,-,-,-,
"sprintf-js@1.1.2","BSD-3-Clause",-,-,-,Javascript,-,-,-,
"sshpk@1.16.1","MIT",-,-,-,Javascript,-,-,-,
"ssri@6.0.1","ISC",-,-,-,Javascript,-,-,-,
"static-extend@0.1.2","MIT",-,-,-,Javascript,-,-,-,
"statuses@1.5.0","MIT",-,-,-,Javascript,-,-,-,
"stream-browserify@2.0.2","MIT",-,-,-,Javascript,-,-,-,
"stream-each@1.2.3","MIT",-,-,-,Javascript,-,-,-,
"stream-http@2.8.3","MIT",-,-,-,Javascript,-,-,-,
"stream-shift@1.0.1","MIT",-,-,-,Javascript,-,-,-,
"streamroller@1.0.6","MIT",-,-,-,Javascript,-,-,-,
"strict-uri-encode@1.1.0","MIT",-,-,-,Javascript,-,-,-,
"string-width@1.0.2","MIT",-,-,-,Javascript,-,-,-,
"string-width@2.1.1","MIT",-,-,-,Javascript,-,-,-,
"string-width@3.1.0","MIT",-,-,-,Javascript,-,-,-,
"string-width@4.2.0","MIT",-,-,-,Javascript,-,-,-,
"string.prototype.trimleft@2.1.1","MIT",-,-,-,Javascript,-,-,-,
"string.prototype.trimright@2.1.1","MIT",-,-,-,Javascript,-,-,-,
"string_decoder@1.1.1","MIT",-,-,-,Javascript,-,-,-,
"strip-ansi@3.0.1","MIT",-,-,-,Javascript,-,-,-,
"strip-ansi@4.0.0","MIT",-,-,-,Javascript,-,-,-,
"strip-ansi@5.2.0","MIT",-,-,-,Javascript,-,-,-,
"strip-ansi@6.0.0","MIT",-,-,-,Javascript,-,-,-,
"strip-bom@3.0.0","MIT",-,-,-,Javascript,-,-,-,
"strip-eof@1.0.0","MIT",-,-,-,Javascript,-,-,-,
"style-loader@1.0.0","MIT",-,-,-,Javascript,-,-,-,
"style-loader@1.2.1","MIT",-,-,-,Javascript,-,-,-,
"stylus-loader@3.0.2","MIT",-,-,-,Javascript,-,-,-,
"stylus@0.54.5","MIT",-,-,-,Javascript,-,-,-,
"supports-color@2.0.0","MIT",-,-,-,Javascript,-,-,-,
"supports-color@5.5.0","MIT",-,-,-,Javascript,-,-,-,
"supports-color@6.1.0","MIT",-,-,-,Javascript,-,-,-,
"supports-color@7.1.0","MIT",-,-,-,Javascript,-,-,-,
"symbol-observable@1.2.0","MIT",-,-,-,Javascript,-,-,-,
"tapable@1.1.3","MIT",-,-,-,Javascript,-,-,-,
"tar@4.4.13","ISC",-,-,-,Javascript,-,-,-,
"terser-webpack-plugin@1.4.3","MIT",-,-,-,Javascript,-,-,-,
"terser@4.6.3","BSD-2-Clause",-,-,-,Javascript,-,-,-,
"through2@2.0.5","MIT",-,-,-,Javascript,-,-,-,
"through@2.3.8","MIT",-,-,-,Javascript,-,-,-,
"thunky@1.1.0","MIT",-,-,-,Javascript,-,-,-,
"timers-browserify@2.0.11","MIT",-,-,-,Javascript,-,-,-,
"tmp@0.0.30","MIT",-,-,-,Javascript,-,-,-,
"tmp@0.0.33","MIT",-,-,-,Javascript,-,-,-,
"to-array@0.1.4","MIT",-,-,-,Javascript,-,-,-,
"to-arraybuffer@1.0.1","MIT",-,-,-,Javascript,-,-,-,
"to-fast-properties@2.0.0","MIT",-,-,-,Javascript,-,-,-,
"to-object-path@0.3.0","MIT",-,-,-,Javascript,-,-,-,
"to-regex-range@2.1.1","MIT",-,-,-,Javascript,-,-,-,
"to-regex-range@5.0.1","MIT",-,-,-,Javascript,-,-,-,
"to-regex@3.0.2","MIT",-,-,-,Javascript,-,-,-,
"to-string-loader@1.1.6","BSD-3-Clause",-,-,-,Javascript,-,-,-,
"toidentifier@1.0.0","MIT",-,-,-,Javascript,-,-,-,
"tough-cookie@2.5.0","BSD-3-Clause",-,-,-,Javascript,-,-,-,
"tree-kill@1.2.2","MIT",-,-,-,Javascript,-,-,-,
"ts-loader@7.0.5","MIT",-,-,-,Javascript,-,-,-,
"ts-node@7.0.1","MIT",-,-,-,Javascript,-,-,-,
"ts-node@8.10.2","MIT",-,-,-,Javascript,-,-,-,
"tslib@1.10.0","Apache-2.0",-,-,-,Javascript,-,-,-,
"tslib@1.13.0","0BSD",-,-,-,Javascript,-,-,-,
"tslint@5.15.0","Apache-2.0",-,-,-,Javascript,-,-,-,
"tsutils@2.29.0","MIT",-,-,-,Javascript,-,-,-,
"tty-browserify@0.0.0","MIT",-,-,-,Javascript,-,-,-,
"tunnel-agent@0.6.0","Apache-2.0",-,-,-,Javascript,-,-,-,
"tweetnacl@0.14.5","Unlicense",-,-,-,Javascript,-,-,-,
"type-fest@0.11.0","(MIT OR CC0-1.0)",-,-,-,Javascript,-,-,-,
"type-is@1.6.18","MIT",-,-,-,Javascript,-,-,-,
"typedarray@0.0.6","MIT",-,-,-,Javascript,-,-,-,
"typescript@3.4.5","Apache-2.0",-,-,-,Javascript,-,-,-,
"typescript@3.5.3","Apache-2.0",-,-,-,Javascript,-,-,-,
"typescript@3.6.5","Apache-2.0",-,-,-,Javascript,-,-,-,
"ultron@1.1.1","MIT",-,-,-,Javascript,-,-,-,
"unicode-canonical-property-names-ecmascript@1.0.4","MIT",-,-,-,Javascript,-,-,-,
"unicode-match-property-ecmascript@1.0.4","MIT",-,-,-,Javascript,-,-,-,
"unicode-match-property-value-ecmascript@1.2.0","MIT",-,-,-,Javascript,-,-,-,
"unicode-property-aliases-ecmascript@1.1.0","MIT",-,-,-,Javascript,-,-,-,
"union-value@1.0.1","MIT",-,-,-,Javascript,-,-,-,
"uniq@1.0.1","MIT",-,-,-,Javascript,-,-,-,
"unique-filename@1.1.1","ISC",-,-,-,Javascript,-,-,-,
"unique-slug@2.0.2","ISC",-,-,-,Javascript,-,-,-,
"universal-analytics@0.4.20","MIT",-,-,-,Javascript,-,-,-,
"universalify@0.1.2","MIT",-,-,-,Javascript,-,-,-,
"unpipe@1.0.0","MIT",-,-,-,Javascript,-,-,-,
"unset-value@1.0.0","MIT",-,-,-,Javascript,-,-,-,
"upath@1.2.0","MIT",-,-,-,Javascript,-,-,-,
"uri-js@4.2.2","BSD-2-Clause",-,-,-,Javascript,-,-,-,
"urix@0.1.0","MIT",-,-,-,Javascript,-,-,-,
"url-parse@1.4.7","MIT",-,-,-,Javascript,-,-,-,
"url@0.11.0","MIT",-,-,-,Javascript,-,-,-,
"use@3.1.1","MIT",-,-,-,Javascript,-,-,-,
"useragent@2.3.0","MIT",-,-,-,Javascript,-,-,-,
"util-deprecate@1.0.2","MIT",-,-,-,Javascript,-,-,-,
"util-promisify@2.1.0","MIT",-,-,-,Javascript,-,-,-,
"util.promisify@1.0.0","MIT",-,-,-,Javascript,-,-,-,
"util@0.10.3","MIT",-,-,-,Javascript,-,-,-,
"util@0.11.1","MIT",-,-,-,Javascript,-,-,-,
"utila@0.4.0","MIT",-,-,-,Javascript,-,-,-,
"utils-merge@1.0.1","MIT",-,-,-,Javascript,-,-,-,
"uuid@3.4.0","MIT",-,-,-,Javascript,-,-,-,
"uuid@7.0.2","MIT",-,-,-,Javascript,-,-,-,
"v8-compile-cache@2.3.0","MIT",-,-,-,Javascript,-,-,-,
"validate-npm-package-license@3.0.4","Apache-2.0",-,-,-,Javascript,-,-,-,
"validate-npm-package-name@3.0.0","ISC",-,-,-,Javascript,-,-,-,
"vary@1.1.2","MIT",-,-,-,Javascript,-,-,-,
"verror@1.10.0","MIT",-,-,-,Javascript,-,-,-,
"vm-browserify@1.1.2","MIT",-,-,-,Javascript,-,-,-,
"void-elements@2.0.1","MIT",-,-,-,Javascript,-,-,-,
"watchpack@1.7.2","MIT",-,-,-,Javascript,-,-,-,
"wbuf@1.7.3","MIT",-,-,-,Javascript,-,-,-,
"wcwidth@1.0.1","MIT",-,-,-,Javascript,-,-,-,
"webdriver-js-extender@2.1.0","MIT",-,-,-,Javascript,-,-,-,
"webdriver-manager@12.1.7","MIT",-,-,-,Javascript,-,-,-,
"webpack-cli@3.3.12","MIT",-,-,-,Javascript,-,-,-,
"webpack-core@0.6.9","MIT",-,-,-,Javascript,-,-,-,
"webpack-dev-middleware@3.7.2","MIT",-,-,-,Javascript,-,-,-,
"webpack-dev-server@3.11.0","MIT",-,-,-,Javascript,-,-,-,
"webpack-dev-server@3.9.0","MIT",-,-,-,Javascript,-,-,-,
"webpack-log@2.0.0","MIT",-,-,-,Javascript,-,-,-,
"webpack-merge@4.2.1","MIT",-,-,-,Javascript,-,-,-,
"webpack-sources@1.4.3","MIT",-,-,-,Javascript,-,-,-,
"webpack-subresource-integrity@1.1.0-rc.6","MIT",-,-,-,Javascript,-,-,-,
"webpack@4.39.2","MIT",-,-,-,Javascript,-,-,-,
"webpack@4.43.0","MIT",-,-,-,Javascript,-,-,-,
"websocket-driver@0.6.5","MIT",-,-,-,Javascript,-,-,-,
"websocket-extensions@0.1.4","Apache-2.0",-,-,-,Javascript,-,-,-,
"when@3.6.4","MIT",-,-,-,Javascript,-,-,-,
"which-module@2.0.0","ISC",-,-,-,Javascript,-,-,-,
"which@1.3.1","ISC",-,-,-,Javascript,-,-,-,
"wordwrap@0.0.3","MIT",-,-,-,Javascript,-,-,-,
"worker-farm@1.7.0","MIT",-,-,-,Javascript,-,-,-,
"worker-plugin@3.2.0","Apache-2.0",-,-,-,Javascript,-,-,-,
"wrap-ansi@2.1.0","MIT",-,-,-,Javascript,-,-,-,
"wrap-ansi@5.1.0","MIT",-,-,-,Javascript,-,-,-,
"wrappy@1.0.2","ISC",-,-,-,Javascript,-,-,-,
"ws@3.3.3","MIT",-,-,-,Javascript,-,-,-,
"ws@6.2.1","MIT",-,-,-,Javascript,-,-,-,
"xml2js@0.4.23","MIT",-,-,-,Javascript,-,-,-,
"xmlbuilder@11.0.1","MIT",-,-,-,Javascript,-,-,-,
"xmlhttprequest-ssl@1.5.5","MIT",-,-,-,Javascript,-,-,-,
"xtend@4.0.2","MIT",-,-,-,Javascript,-,-,-,
"y18n@4.0.0","ISC",-,-,-,Javascript,-,-,-,
"yallist@2.1.2","ISC",-,-,-,Javascript,-,-,-,
"yallist@3.1.1","ISC",-,-,-,Javascript,-,-,-,
"yargs-parser@11.1.1","ISC",-,-,-,Javascript,-,-,-,
"yargs-parser@13.1.2","ISC",-,-,-,Javascript,-,-,-,
"yargs@12.0.5","MIT",-,-,-,Javascript,-,-,-,
"yargs@13.1.0","MIT",-,-,-,Javascript,-,-,-,
"yargs@13.3.2","MIT",-,-,-,Javascript,-,-,-,
"yeast@0.1.2","MIT",-,-,-,Javascript,-,-,-,
"yn@2.0.0","MIT",-,-,-,Javascript,-,-,-,
"yn@3.1.1","MIT",-,-,-,Javascript,-,-,-,
"zone.js@0.9.1","MIT",-,-,-,Javascript,-,-,-,
